ForecastID,ProductID,ProductName,ForecastDate,ForecastPeriod,PredictedDemand,ConfidenceLevel,SeasonalMultiplier,TrendDirection,BaselineDemand,SalesTrendMultiplier,CompoundTrendMultiplier,MethodUsed,ForecastHorizon,ActualDemand,AccuracyScore,CreatedBy,CreatedDate
1,1521,Adventurer Pro Backpack,2027-01-01,Monthly,245,82.77,1.0,Growing,227,1.08,1.08,Business Growth Forecast (8% Monthly),30,,,system,2026-12-05
2,1521,Adventurer Pro Backpack,2027-01-01,Weekly,56,84.96,1.0,Growing,227,1.08,1.08,Business Growth Forecast (8% Monthly),7,,,system,2026-12-06
3,1521,Adventurer Pro Backpack,2027-01-08,Weekly,56,81.4,1.0,Growing,227,1.08,1.08,Business Growth Forecast (8% Monthly),7,,,system,2026-12-19
4,1521,Adventurer Pro Backpack,2027-01-15,Weekly,56,84.22,1.0,Growing,227,1.08,1.08,Business Growth Forecast (8% Monthly),7,,,system,2026-12-19
5,1521,Adventurer Pro Backpack,2027-01-22,Weekly,56,83.02,1.0,Growing,227,1.08,1.08,Business Growth Forecast (8% Monthly),7,,,system,2026-12-27
6,1521,Adventurer Pro Backpack,2027-02-01,Monthly,264,82.77,1.0,Growing,227,1.08,1.166,Business Growth Forecast (8% Monthly),30,,,system,2026-12-08
7,1521,Adventurer Pro Backpack,2027-03-01,Monthly,285,82.77,1.0,Growing,227,1.08,1.26,Business Growth Forecast (8% Monthly),30,,,system,2026-12-20
8,1531,Summit Breeze Jacket,2027-01-01,Monthly,183,94.73,1.0,Growing,170,1.08,1.08,Business Growth Forecast (8% Monthly),30,,,system,2026-12-17
9,1531,Summit Breeze Jacket,2027-01-01,Weekly,42,90.88,1.0,Growing,170,1.08,1.08,Business Growth Forecast (8% Monthly),7,,,system,2026-12-03
10,1531,Summit Breeze Jacket,2027-01-08,Weekly,42,92.69,1.0,Growing,170,1.08,1.08,Business Growth Forecast (8% Monthly),7,,,system,2026-12-13
11,1531,Summit Breeze Jacket,2027-01-15,Weekly,42,95.6,1.0,Growing,170,1.08,1.08,Business Growth Forecast (8% Monthly),7,,,system,2026-12-28
12,1531,Summit Breeze Jacket,2027-01-22,Weekly,42,93.43,1.0,Growing,170,1.08,1.08,Business Growth Forecast (8% Monthly),7,,,system,2026-12-11
13,1531,Summit Breeze Jacket,2027-02-01,Monthly,198,94.73,1.0,Growing,170,1.08,1.166,Business Growth Forecast (8% Monthly),30,,,system,2026-12-26
14,1531,Summit Breeze Jacket,2027-03-01,Monthly,214,94.73,1.0,Growing,170,1.08,1.26,Business Growth Forecast (8% Monthly),30,,,system,2026-12-02
15,1541,TrekReady Hiking Boots,2027-01-01,Monthly,140,75.77,1.0,Growing,130,1.08,1.08,Business Growth Forecast (8% Monthly),30,,,system,2026-12-27
16,1541,TrekReady Hiking Boots,2027-01-01,Weekly,32,72.4,1.0,Growing,130,1.08,1.08,Business Growth Forecast (8% Monthly),7,,,system,2026-12-28
17,1541,TrekReady Hiking Boots,2027-01-08,Weekly,32,72.43,1.0,Growing,130,1.08,1.08,Business Growth Forecast (8% Monthly),7,,,system,2026-12-24
18,1541,TrekReady Hiking Boots,2027-01-15,Weekly,32,74.94,1.0,Growing,130,1.08,1.08,Business Growth Forecast (8% Monthly),7,,,system,2026-12-23
19,1541,TrekReady Hiking Boots,2027-01-22,Weekly,32,79.41,1.0,Growing,130,1.08,1.08,Business Growth Forecast (8% Monthly),7,,,system,2026-12-26
20,1541,TrekReady Hiking Boots,2027-02-01,Monthly,151,75.77,1.0,Growing,130,1.08,1.166,Business Growth Forecast (8% Monthly),30,,,system,2026-12-15
21,1541,TrekReady Hiking Boots,2027-03-01,Monthly,163,75.77,1.0,Growing,130,1.08,1.26,Business Growth Forecast (8% Monthly),30,,,system,2026-12-25
22,1551,BaseCamp Folding Table,2027-01-01,Monthly,92,79.0,1.0,Growing,86,1.08,1.08,Business Growth Forecast (8% Monthly),30,,,system,2026-12-04
23,1551,BaseCamp Folding Table,2027-01-01,Weekly,21,80.73,1.0,Growing,86,1.08,1.08,Business Growth Forecast (8% Monthly),7,,,system,2026-12-06
24,1551,BaseCamp Folding Table,2027-01-08,Weekly,21,77.76,1.0,Growing,86,1.08,1.08,Business Growth Forecast (8% Monthly),7,,,system,2026-12-27
25,1551,BaseCamp Folding Table,2027-01-15,Weekly,21,76.54,1.0,Growing,86,1.08,1.08,Business Growth Forecast (8% Monthly),7,,,system,2026-12-22
26,1551,BaseCamp Folding Table,2027-01-22,Weekly,21,78.83,1.0,Growing,86,1.08,1.08,Business Growth Forecast (8% Monthly),7,,,system,2026-12-04
27,1551,BaseCamp Folding Table,2027-02-01,Monthly,100,79.0,1.0,Growing,86,1.08,1.166,Business Growth Forecast (8% Monthly),30,,,system,2026-12-23
28,1551,BaseCamp Folding Table,2027-03-01,Monthly,108,79.0,1.0,Growing,86,1.08,1.26,Business Growth Forecast (8% Monthly),30,,,system,2026-12-03
29,1561,EcoFire Camping Stove,2027-01-01,Monthly,77,87.79,1.0,Growing,72,1.08,1.08,Business Growth Forecast (8% Monthly),30,,,system,2026-12-22
30,1561,EcoFire Camping Stove,2027-01-01,Weekly,17,87.44,1.0,Growing,72,1.08,1.08,Business Growth Forecast (8% Monthly),7,,,system,2026-12-22
31,1561,EcoFire Camping Stove,2027-01-08,Weekly,17,86.6,1.0,Growing,72,1.08,1.08,Business Growth Forecast (8% Monthly),7,,,system,2026-12-24
32,1561,EcoFire Camping Stove,2027-01-15,Weekly,17,82.8,1.0,Growing,72,1.08,1.08,Business Growth Forecast (8% Monthly),7,,,system,2026-12-09
33,1561,EcoFire Camping Stove,2027-01-22,Weekly,17,89.04,1.0,Growing,72,1.08,1.08,Business Growth Forecast (8% Monthly),7,,,system,2026-12-20
34,1561,EcoFire Camping Stove,2027-02-01,Monthly,83,87.79,1.0,Growing,72,1.08,1.166,Business Growth Forecast (8% Monthly),30,,,system,2026-12-06
35,1561,EcoFire Camping Stove,2027-03-01,Monthly,90,87.79,1.0,Growing,72,1.08,1.26,Business Growth Forecast (8% Monthly),30,,,system,2026-12-07
36,1571,CozyNights Sleeping Bag,2027-01-01,Monthly,92,90.88,1.0,Growing,86,1.08,1.08,Business Growth Forecast (8% Monthly),30,,,system,2026-12-19
37,1571,CozyNights Sleeping Bag,2027-01-01,Weekly,21,90.83,1.0,Growing,86,1.08,1.08,Business Growth Forecast (8% Monthly),7,,,system,2026-12-08
38,1571,CozyNights Sleeping Bag,2027-01-08,Weekly,21,93.4,1.0,Growing,86,1.08,1.08,Business Growth Forecast (8% Monthly),7,,,system,2026-12-17
39,1571,CozyNights Sleeping Bag,2027-01-15,Weekly,21,91.15,1.0,Growing,86,1.08,1.08,Business Growth Forecast (8% Monthly),7,,,system,2026-12-21
40,1571,CozyNights Sleeping Bag,2027-01-22,Weekly,21,92.13,1.0,Growing,86,1.08,1.08,Business Growth Forecast (8% Monthly),7,,,system,2026-12-18
41,1571,CozyNights Sleeping Bag,2027-02-01,Monthly,100,90.88,1.0,Growing,86,1.08,1.166,Business Growth Forecast (8% Monthly),30,,,system,2026-12-17
42,1571,CozyNights Sleeping Bag,2027-03-01,Monthly,108,90.88,1.0,Growing,86,1.08,1.26,Business Growth Forecast (8% Monthly),30,,,system,2026-12-29
43,1511,Alpine Explorer Tent,2027-01-01,Monthly,243,83.88,1.0,Growing,225,1.08,1.08,Business Growth Forecast (8% Monthly),30,,,system,2026-12-04
44,1511,Alpine Explorer Tent,2027-01-01,Weekly,56,87.27,1.0,Growing,225,1.08,1.08,Business Growth Forecast (8% Monthly),7,,,system,2026-12-23
45,1511,Alpine Explorer Tent,2027-01-08,Weekly,56,87.26,1.0,Growing,225,1.08,1.08,Business Growth Forecast (8% Monthly),7,,,system,2026-12-30
46,1511,Alpine Explorer Tent,2027-01-15,Weekly,56,79.96,1.0,Growing,225,1.08,1.08,Business Growth Forecast (8% Monthly),7,,,system,2026-12-07
47,1511,Alpine Explorer Tent,2027-01-22,Weekly,56,83.68,1.0,Growing,225,1.08,1.08,Business Growth Forecast (8% Monthly),7,,,system,2026-12-01
48,1511,Alpine Explorer Tent,2027-02-01,Monthly,262,83.88,1.0,Growing,225,1.08,1.166,Business Growth Forecast (8% Monthly),30,,,system,2026-12-14
49,1511,Alpine Explorer Tent,2027-03-01,Monthly,283,83.88,1.0,Growing,225,1.08,1.26,Business Growth Forecast (8% Monthly),30,,,system,2026-12-26
50,1522,SummitClimber Backpack,2027-01-01,Monthly,220,89.96,1.0,Growing,204,1.08,1.08,Business Growth Forecast (8% Monthly),30,,,system,2026-12-21
51,1522,SummitClimber Backpack,2027-01-01,Weekly,51,92.49,1.0,Growing,204,1.08,1.08,Business Growth Forecast (8% Monthly),7,,,system,2026-12-03
52,1522,SummitClimber Backpack,2027-01-08,Weekly,51,85.21,1.0,Growing,204,1.08,1.08,Business Growth Forecast (8% Monthly),7,,,system,2026-12-12
53,1522,SummitClimber Backpack,2027-01-15,Weekly,51,93.13,1.0,Growing,204,1.08,1.08,Business Growth Forecast (8% Monthly),7,,,system,2026-12-13
54,1522,SummitClimber Backpack,2027-01-22,Weekly,51,89.79,1.0,Growing,204,1.08,1.08,Business Growth Forecast (8% Monthly),7,,,system,2026-12-20
55,1522,SummitClimber Backpack,2027-02-01,Monthly,237,89.96,1.0,Growing,204,1.08,1.166,Business Growth Forecast (8% Monthly),30,,,system,2026-12-28
56,1522,SummitClimber Backpack,2027-03-01,Monthly,256,89.96,1.0,Growing,204,1.08,1.26,Business Growth Forecast (8% Monthly),30,,,system,2026-12-15
57,1532,TrailBlaze Hiking Pants,2027-01-01,Monthly,206,92.53,1.0,Growing,191,1.08,1.08,Business Growth Forecast (8% Monthly),30,,,system,2026-12-10
58,1532,TrailBlaze Hiking Pants,2027-01-01,Weekly,47,92.63,1.0,Growing,191,1.08,1.08,Business Growth Forecast (8% Monthly),7,,,system,2026-12-26
59,1532,TrailBlaze Hiking Pants,2027-01-08,Weekly,47,94.0,1.0,Growing,191,1.08,1.08,Business Growth Forecast (8% Monthly),7,,,system,2026-12-06
60,1532,TrailBlaze Hiking Pants,2027-01-15,Weekly,47,89.22,1.0,Growing,191,1.08,1.08,Business Growth Forecast (8% Monthly),7,,,system,2026-12-11
61,1532,TrailBlaze Hiking Pants,2027-01-22,Weekly,47,93.94,1.0,Growing,191,1.08,1.08,Business Growth Forecast (8% Monthly),7,,,system,2026-12-06
62,1532,TrailBlaze Hiking Pants,2027-02-01,Monthly,222,92.53,1.0,Growing,191,1.08,1.166,Business Growth Forecast (8% Monthly),30,,,system,2026-12-28
63,1532,TrailBlaze Hiking Pants,2027-03-01,Monthly,240,92.53,1.0,Growing,191,1.08,1.26,Business Growth Forecast (8% Monthly),30,,,system,2026-12-11
64,1542,TrailWalker Hiking Shoes,2027-01-01,Monthly,141,78.21,1.0,Growing,131,1.08,1.08,Business Growth Forecast (8% Monthly),30,,,system,2026-12-06
65,1542,TrailWalker Hiking Shoes,2027-01-01,Weekly,32,77.47,1.0,Growing,131,1.08,1.08,Business Growth Forecast (8% Monthly),7,,,system,2026-12-20
66,1542,TrailWalker Hiking Shoes,2027-01-08,Weekly,32,74.5,1.0,Growing,131,1.08,1.08,Business Growth Forecast (8% Monthly),7,,,system,2026-12-06
67,1542,TrailWalker Hiking Shoes,2027-01-15,Weekly,32,77.06,1.0,Growing,131,1.08,1.08,Business Growth Forecast (8% Monthly),7,,,system,2026-12-07
68,1542,TrailWalker Hiking Shoes,2027-01-22,Weekly,32,81.53,1.0,Growing,131,1.08,1.08,Business Growth Forecast (8% Monthly),7,,,system,2026-12-20
69,1542,TrailWalker Hiking Shoes,2027-02-01,Monthly,152,78.21,1.0,Growing,131,1.08,1.166,Business Growth Forecast (8% Monthly),30,,,system,2026-12-01
70,1542,TrailWalker Hiking Shoes,2027-03-01,Monthly,165,78.21,1.0,Growing,131,1.08,1.26,Business Growth Forecast (8% Monthly),30,,,system,2026-12-11
71,1552,TrekMaster Camping Chair,2027-01-01,Monthly,90,84.96,1.0,Growing,84,1.08,1.08,Business Growth Forecast (8% Monthly),30,,,system,2026-12-04
72,1552,TrekMaster Camping Chair,2027-01-01,Weekly,20,83.23,1.0,Growing,84,1.08,1.08,Business Growth Forecast (8% Monthly),7,,,system,2026-12-02
73,1552,TrekMaster Camping Chair,2027-01-08,Weekly,20,80.92,1.0,Growing,84,1.08,1.08,Business Growth Forecast (8% Monthly),7,,,system,2026-12-14
74,1552,TrekMaster Camping Chair,2027-01-15,Weekly,20,81.24,1.0,Growing,84,1.08,1.08,Business Growth Forecast (8% Monthly),7,,,system,2026-12-28
75,1552,TrekMaster Camping Chair,2027-01-22,Weekly,20,89.92,1.0,Growing,84,1.08,1.08,Business Growth Forecast (8% Monthly),7,,,system,2026-12-12
76,1552,TrekMaster Camping Chair,2027-02-01,Monthly,97,84.96,1.0,Growing,84,1.08,1.166,Business Growth Forecast (8% Monthly),30,,,system,2026-12-23
77,1552,TrekMaster Camping Chair,2027-03-01,Monthly,105,84.96,1.0,Growing,84,1.08,1.26,Business Growth Forecast (8% Monthly),30,,,system,2026-12-03
78,1562,PowerBurner Camping Stove,2027-01-01,Monthly,73,75.81,1.0,Growing,68,1.08,1.08,Business Growth Forecast (8% Monthly),30,,,system,2026-12-29
79,1562,PowerBurner Camping Stove,2027-01-01,Weekly,16,74.31,1.0,Growing,68,1.08,1.08,Business Growth Forecast (8% Monthly),7,,,system,2026-12-24
80,1562,PowerBurner Camping Stove,2027-01-08,Weekly,16,74.9,1.0,Growing,68,1.08,1.08,Business Growth Forecast (8% Monthly),7,,,system,2026-12-11
81,1562,PowerBurner Camping Stove,2027-01-15,Weekly,16,75.07,1.0,Growing,68,1.08,1.08,Business Growth Forecast (8% Monthly),7,,,system,2026-12-27
82,1562,PowerBurner Camping Stove,2027-01-22,Weekly,16,79.49,1.0,Growing,68,1.08,1.08,Business Growth Forecast (8% Monthly),7,,,system,2026-12-12
83,1562,PowerBurner Camping Stove,2027-02-01,Monthly,79,75.81,1.0,Growing,68,1.08,1.166,Business Growth Forecast (8% Monthly),30,,,system,2026-12-19
84,1562,PowerBurner Camping Stove,2027-03-01,Monthly,85,75.81,1.0,Growing,68,1.08,1.26,Business Growth Forecast (8% Monthly),30,,,system,2026-12-29
85,1572,MountainDream Sleeping Bag,2027-01-01,Monthly,90,86.9,1.0,Growing,84,1.08,1.08,Business Growth Forecast (8% Monthly),30,,,system,2026-12-19
86,1572,MountainDream Sleeping Bag,2027-01-01,Weekly,20,87.92,1.0,Growing,84,1.08,1.08,Business Growth Forecast (8% Monthly),7,,,system,2026-12-23
87,1572,MountainDream Sleeping Bag,2027-01-08,Weekly,20,87.71,1.0,Growing,84,1.08,1.08,Business Growth Forecast (8% Monthly),7,,,system,2026-12-27
88,1572,MountainDream Sleeping Bag,2027-01-15,Weekly,20,85.83,1.0,Growing,84,1.08,1.08,Business Growth Forecast (8% Monthly),7,,,system,2026-12-15
89,1572,MountainDream Sleeping Bag,2027-01-22,Weekly,20,84.13,1.0,Growing,84,1.08,1.08,Business Growth Forecast (8% Monthly),7,,,system,2026-12-03
90,1572,MountainDream Sleeping Bag,2027-02-01,Monthly,97,86.9,1.0,Growing,84,1.08,1.166,Business Growth Forecast (8% Monthly),30,,,system,2026-12-06
91,1572,MountainDream Sleeping Bag,2027-03-01,Monthly,105,86.9,1.0,Growing,84,1.08,1.26,Business Growth Forecast (8% Monthly),30,,,system,2026-12-22
92,1512,SkyView 2-Person Tent,2027-01-01,Monthly,245,76.28,1.0,Growing,227,1.08,1.08,Business Growth Forecast (8% Monthly),30,,,system,2026-12-04
93,1512,SkyView 2-Person Tent,2027-01-01,Weekly,56,74.03,1.0,Growing,227,1.08,1.08,Business Growth Forecast (8% Monthly),7,,,system,2026-12-02
94,1512,SkyView 2-Person Tent,2027-01-08,Weekly,56,74.36,1.0,Growing,227,1.08,1.08,Business Growth Forecast (8% Monthly),7,,,system,2026-12-05
95,1512,SkyView 2-Person Tent,2027-01-15,Weekly,56,71.61,1.0,Growing,227,1.08,1.08,Business Growth Forecast (8% Monthly),7,,,system,2026-12-25
96,1512,SkyView 2-Person Tent,2027-01-22,Weekly,56,74.38,1.0,Growing,227,1.08,1.08,Business Growth Forecast (8% Monthly),7,,,system,2026-12-29
97,1512,SkyView 2-Person Tent,2027-02-01,Monthly,264,76.28,1.0,Growing,227,1.08,1.166,Business Growth Forecast (8% Monthly),30,,,system,2026-12-27
98,1512,SkyView 2-Person Tent,2027-03-01,Monthly,285,76.28,1.0,Growing,227,1.08,1.26,Business Growth Forecast (8% Monthly),30,,,system,2026-12-04
99,1523,TrailLite Daypack,2027-01-01,Monthly,241,88.23,1.0,Growing,224,1.08,1.08,Business Growth Forecast (8% Monthly),30,,,system,2026-12-14
100,1523,TrailLite Daypack,2027-01-01,Weekly,56,92.51,1.0,Growing,224,1.08,1.08,Business Growth Forecast (8% Monthly),7,,,system,2026-12-07
101,1523,TrailLite Daypack,2027-01-08,Weekly,56,90.21,1.0,Growing,224,1.08,1.08,Business Growth Forecast (8% Monthly),7,,,system,2026-12-03
102,1523,TrailLite Daypack,2027-01-15,Weekly,56,84.16,1.0,Growing,224,1.08,1.08,Business Growth Forecast (8% Monthly),7,,,system,2026-12-15
103,1523,TrailLite Daypack,2027-01-22,Weekly,56,87.88,1.0,Growing,224,1.08,1.08,Business Growth Forecast (8% Monthly),7,,,system,2026-12-11
104,1523,TrailLite Daypack,2027-02-01,Monthly,261,88.23,1.0,Growing,224,1.08,1.166,Business Growth Forecast (8% Monthly),30,,,system,2026-12-20
105,1523,TrailLite Daypack,2027-03-01,Monthly,282,88.23,1.0,Growing,224,1.08,1.26,Business Growth Forecast (8% Monthly),30,,,system,2026-12-04
106,1533,RainGuard Hiking Jacket,2027-01-01,Monthly,204,75.68,1.0,Growing,189,1.08,1.08,Business Growth Forecast (8% Monthly),30,,,system,2026-12-24
107,1533,RainGuard Hiking Jacket,2027-01-01,Weekly,47,76.37,1.0,Growing,189,1.08,1.08,Business Growth Forecast (8% Monthly),7,,,system,2026-12-11
108,1533,RainGuard Hiking Jacket,2027-01-08,Weekly,47,80.44,1.0,Growing,189,1.08,1.08,Business Growth Forecast (8% Monthly),7,,,system,2026-12-01
109,1533,RainGuard Hiking Jacket,2027-01-15,Weekly,47,76.87,1.0,Growing,189,1.08,1.08,Business Growth Forecast (8% Monthly),7,,,system,2026-12-05
110,1533,RainGuard Hiking Jacket,2027-01-22,Weekly,47,71.93,1.0,Growing,189,1.08,1.08,Business Growth Forecast (8% Monthly),7,,,system,2026-12-09
111,1533,RainGuard Hiking Jacket,2027-02-01,Monthly,220,75.68,1.0,Growing,189,1.08,1.166,Business Growth Forecast (8% Monthly),30,,,system,2026-12-21
112,1533,RainGuard Hiking Jacket,2027-03-01,Monthly,238,75.68,1.0,Growing,189,1.08,1.26,Business Growth Forecast (8% Monthly),30,,,system,2026-12-10
113,1543,TrekStar Hiking Sandals,2027-01-01,Monthly,152,77.09,1.0,Growing,141,1.08,1.08,Business Growth Forecast (8% Monthly),30,,,system,2026-12-27
114,1543,TrekStar Hiking Sandals,2027-01-01,Weekly,35,78.83,1.0,Growing,141,1.08,1.08,Business Growth Forecast (8% Monthly),7,,,system,2026-12-25
115,1543,TrekStar Hiking Sandals,2027-01-08,Weekly,35,80.27,1.0,Growing,141,1.08,1.08,Business Growth Forecast (8% Monthly),7,,,system,2026-12-09
116,1543,TrekStar Hiking Sandals,2027-01-15,Weekly,35,77.22,1.0,Growing,141,1.08,1.08,Business Growth Forecast (8% Monthly),7,,,system,2026-12-10
117,1543,TrekStar Hiking Sandals,2027-01-22,Weekly,35,80.31,1.0,Growing,141,1.08,1.08,Business Growth Forecast (8% Monthly),7,,,system,2026-12-14
118,1543,TrekStar Hiking Sandals,2027-02-01,Monthly,164,77.09,1.0,Growing,141,1.08,1.166,Business Growth Forecast (8% Monthly),30,,,system,2026-12-24
119,1543,TrekStar Hiking Sandals,2027-03-01,Monthly,177,77.09,1.0,Growing,141,1.08,1.26,Business Growth Forecast (8% Monthly),30,,,system,2026-12-23
120,1553,Adventure Dining Table,2027-01-01,Monthly,86,79.0,1.0,Growing,80,1.08,1.08,Business Growth Forecast (8% Monthly),30,,,system,2026-12-14
121,1553,Adventure Dining Table,2027-01-01,Weekly,20,80.09,1.0,Growing,80,1.08,1.08,Business Growth Forecast (8% Monthly),7,,,system,2026-12-08
122,1553,Adventure Dining Table,2027-01-08,Weekly,20,77.7,1.0,Growing,80,1.08,1.08,Business Growth Forecast (8% Monthly),7,,,system,2026-12-06
123,1553,Adventure Dining Table,2027-01-15,Weekly,20,77.96,1.0,Growing,80,1.08,1.08,Business Growth Forecast (8% Monthly),7,,,system,2026-12-21
124,1553,Adventure Dining Table,2027-01-22,Weekly,20,79.27,1.0,Growing,80,1.08,1.08,Business Growth Forecast (8% Monthly),7,,,system,2026-12-11
125,1553,Adventure Dining Table,2027-02-01,Monthly,93,79.0,1.0,Growing,80,1.08,1.166,Business Growth Forecast (8% Monthly),30,,,system,2026-12-29
126,1553,Adventure Dining Table,2027-03-01,Monthly,100,79.0,1.0,Growing,80,1.08,1.26,Business Growth Forecast (8% Monthly),30,,,system,2026-12-17
127,1563,CompactCook Camping Stove,2027-01-01,Monthly,77,91.26,1.0,Growing,72,1.08,1.08,Business Growth Forecast (8% Monthly),30,,,system,2026-12-16
128,1563,CompactCook Camping Stove,2027-01-01,Weekly,17,91.52,1.0,Growing,72,1.08,1.08,Business Growth Forecast (8% Monthly),7,,,system,2026-12-05
129,1563,CompactCook Camping Stove,2027-01-08,Weekly,17,92.74,1.0,Growing,72,1.08,1.08,Business Growth Forecast (8% Monthly),7,,,system,2026-12-23
130,1563,CompactCook Camping Stove,2027-01-15,Weekly,17,89.39,1.0,Growing,72,1.08,1.08,Business Growth Forecast (8% Monthly),7,,,system,2026-12-24
131,1563,CompactCook Camping Stove,2027-01-22,Weekly,17,94.89,1.0,Growing,72,1.08,1.08,Business Growth Forecast (8% Monthly),7,,,system,2026-12-04
132,1563,CompactCook Camping Stove,2027-02-01,Monthly,83,91.26,1.0,Growing,72,1.08,1.166,Business Growth Forecast (8% Monthly),30,,,system,2026-12-30
133,1563,CompactCook Camping Stove,2027-03-01,Monthly,90,91.26,1.0,Growing,72,1.08,1.26,Business Growth Forecast (8% Monthly),30,,,system,2026-12-10
134,1581,LED Headlamp - Rechargeable,2027-01-01,Monthly,77,94.91,1.0,Growing,72,1.08,1.08,Business Growth Forecast (8% Monthly),30,,,system,2026-12-08
135,1581,LED Headlamp - Rechargeable,2027-01-01,Weekly,17,95.8,1.0,Growing,72,1.08,1.08,Business Growth Forecast (8% Monthly),7,,,system,2026-12-16
136,1581,LED Headlamp - Rechargeable,2027-01-08,Weekly,17,95.96,1.0,Growing,72,1.08,1.08,Business Growth Forecast (8% Monthly),7,,,system,2026-12-12
137,1581,LED Headlamp - Rechargeable,2027-01-15,Weekly,17,94.97,1.0,Growing,72,1.08,1.08,Business Growth Forecast (8% Monthly),7,,,system,2026-12-10
138,1581,LED Headlamp - Rechargeable,2027-01-22,Weekly,17,92.47,1.0,Growing,72,1.08,1.08,Business Growth Forecast (8% Monthly),7,,,system,2026-12-20
139,1581,LED Headlamp - Rechargeable,2027-02-01,Monthly,83,94.91,1.0,Growing,72,1.08,1.166,Business Growth Forecast (8% Monthly),30,,,system,2026-12-09
140,1581,LED Headlamp - Rechargeable,2027-03-01,Monthly,90,94.91,1.0,Growing,72,1.08,1.26,Business Growth Forecast (8% Monthly),30,,,system,2026-12-08
141,2011,Coffee Maker,2027-01-01,Monthly,217,76.88,1.0,Growing,201,1.08,1.08,Business Growth Forecast (8% Monthly),30,,,system,2026-12-20
142,2011,Coffee Maker,2027-01-01,Weekly,50,77.75,1.0,Growing,201,1.08,1.08,Business Growth Forecast (8% Monthly),7,,,system,2026-12-12
143,2011,Coffee Maker,2027-01-08,Weekly,50,75.12,1.0,Growing,201,1.08,1.08,Business Growth Forecast (8% Monthly),7,,,system,2026-12-21
144,2011,Coffee Maker,2027-01-15,Weekly,50,74.11,1.0,Growing,201,1.08,1.08,Business Growth Forecast (8% Monthly),7,,,system,2026-12-11
145,2011,Coffee Maker,2027-01-22,Weekly,50,80.84,1.0,Growing,201,1.08,1.08,Business Growth Forecast (8% Monthly),7,,,system,2026-12-04
146,2011,Coffee Maker,2027-02-01,Monthly,234,76.88,1.0,Growing,201,1.08,1.166,Business Growth Forecast (8% Monthly),30,,,system,2026-12-10
147,2011,Coffee Maker,2027-03-01,Monthly,253,76.88,1.0,Growing,201,1.08,1.26,Business Growth Forecast (8% Monthly),30,,,system,2026-12-06
148,2012,Espresso Machine,2027-01-01,Monthly,225,83.7,1.0,Growing,209,1.08,1.08,Business Growth Forecast (8% Monthly),30,,,system,2026-12-20
149,2012,Espresso Machine,2027-01-01,Weekly,52,81.57,1.0,Growing,209,1.08,1.08,Business Growth Forecast (8% Monthly),7,,,system,2026-12-15
150,2012,Espresso Machine,2027-01-08,Weekly,52,82.13,1.0,Growing,209,1.08,1.08,Business Growth Forecast (8% Monthly),7,,,system,2026-12-23
151,2012,Espresso Machine,2027-01-15,Weekly,52,79.25,1.0,Growing,209,1.08,1.08,Business Growth Forecast (8% Monthly),7,,,system,2026-12-16
152,2012,Espresso Machine,2027-01-22,Weekly,52,87.8,1.0,Growing,209,1.08,1.08,Business Growth Forecast (8% Monthly),7,,,system,2026-12-18
153,2012,Espresso Machine,2027-02-01,Monthly,243,83.7,1.0,Growing,209,1.08,1.166,Business Growth Forecast (8% Monthly),30,,,system,2026-12-01
154,2012,Espresso Machine,2027-03-01,Monthly,263,83.7,1.0,Growing,209,1.08,1.26,Business Growth Forecast (8% Monthly),30,,,system,2026-12-04
155,2021,Chef Knife,2027-01-01,Monthly,150,84.05,1.0,Growing,139,1.08,1.08,Business Growth Forecast (8% Monthly),30,,,system,2026-12-10
156,2021,Chef Knife,2027-01-01,Weekly,34,86.85,1.0,Growing,139,1.08,1.08,Business Growth Forecast (8% Monthly),7,,,system,2026-12-27
157,2021,Chef Knife,2027-01-08,Weekly,34,81.94,1.0,Growing,139,1.08,1.08,Business Growth Forecast (8% Monthly),7,,,system,2026-12-24
158,2021,Chef Knife,2027-01-15,Weekly,34,83.07,1.0,Growing,139,1.08,1.08,Business Growth Forecast (8% Monthly),7,,,system,2026-12-01
159,2021,Chef Knife,2027-01-22,Weekly,34,83.45,1.0,Growing,139,1.08,1.08,Business Growth Forecast (8% Monthly),7,,,system,2026-12-18
160,2021,Chef Knife,2027-02-01,Monthly,162,84.05,1.0,Growing,139,1.08,1.166,Business Growth Forecast (8% Monthly),30,,,system,2026-12-27
161,2021,Chef Knife,2027-03-01,Monthly,175,84.05,1.0,Growing,139,1.08,1.26,Business Growth Forecast (8% Monthly),30,,,system,2026-12-12
162,2022,Fork Set,2027-01-01,Monthly,157,94.25,1.0,Growing,146,1.08,1.08,Business Growth Forecast (8% Monthly),30,,,system,2026-12-10
163,2022,Fork Set,2027-01-01,Weekly,36,98.92,1.0,Growing,146,1.08,1.08,Business Growth Forecast (8% Monthly),7,,,system,2026-12-20
164,2022,Fork Set,2027-01-08,Weekly,36,96.83,1.0,Growing,146,1.08,1.08,Business Growth Forecast (8% Monthly),7,,,system,2026-12-11
165,2022,Fork Set,2027-01-15,Weekly,36,92.33,1.0,Growing,146,1.08,1.08,Business Growth Forecast (8% Monthly),7,,,system,2026-12-12
166,2022,Fork Set,2027-01-22,Weekly,36,95.88,1.0,Growing,146,1.08,1.08,Business Growth Forecast (8% Monthly),7,,,system,2026-12-27
167,2022,Fork Set,2027-02-01,Monthly,170,94.25,1.0,Growing,146,1.08,1.166,Business Growth Forecast (8% Monthly),30,,,system,2026-12-21
168,2022,Fork Set,2027-03-01,Monthly,183,94.25,1.0,Growing,146,1.08,1.26,Business Growth Forecast (8% Monthly),30,,,system,2026-12-20
169,2031,Coffee Mug,2027-01-01,Monthly,159,79.66,1.0,Growing,148,1.08,1.08,Business Growth Forecast (8% Monthly),30,,,system,2026-12-26
170,2031,Coffee Mug,2027-01-01,Weekly,36,75.05,1.0,Growing,148,1.08,1.08,Business Growth Forecast (8% Monthly),7,,,system,2026-12-29
171,2031,Coffee Mug,2027-01-08,Weekly,36,82.23,1.0,Growing,148,1.08,1.08,Business Growth Forecast (8% Monthly),7,,,system,2026-12-08
172,2031,Coffee Mug,2027-01-15,Weekly,36,81.05,1.0,Growing,148,1.08,1.08,Business Growth Forecast (8% Monthly),7,,,system,2026-12-07
173,2031,Coffee Mug,2027-01-22,Weekly,36,80.77,1.0,Growing,148,1.08,1.08,Business Growth Forecast (8% Monthly),7,,,system,2026-12-10
174,2031,Coffee Mug,2027-02-01,Monthly,172,79.66,1.0,Growing,148,1.08,1.166,Business Growth Forecast (8% Monthly),30,,,system,2026-12-26
175,2031,Coffee Mug,2027-03-01,Monthly,186,79.66,1.0,Growing,148,1.08,1.26,Business Growth Forecast (8% Monthly),30,,,system,2026-12-29
176,2041,Serving Platter,2027-01-01,Monthly,157,93.72,1.0,Growing,146,1.08,1.08,Business Growth Forecast (8% Monthly),30,,,system,2026-12-22
177,2041,Serving Platter,2027-01-01,Weekly,36,98.42,1.0,Growing,146,1.08,1.08,Business Growth Forecast (8% Monthly),7,,,system,2026-12-13
178,2041,Serving Platter,2027-01-08,Weekly,36,94.06,1.0,Growing,146,1.08,1.08,Business Growth Forecast (8% Monthly),7,,,system,2026-12-29
179,2041,Serving Platter,2027-01-15,Weekly,36,90.17,1.0,Growing,146,1.08,1.08,Business Growth Forecast (8% Monthly),7,,,system,2026-12-08
180,2041,Serving Platter,2027-01-22,Weekly,36,92.67,1.0,Growing,146,1.08,1.08,Business Growth Forecast (8% Monthly),7,,,system,2026-12-25
181,2041,Serving Platter,2027-02-01,Monthly,170,93.72,1.0,Growing,146,1.08,1.166,Business Growth Forecast (8% Monthly),30,,,system,2026-12-29
182,2041,Serving Platter,2027-03-01,Monthly,183,93.72,1.0,Growing,146,1.08,1.26,Business Growth Forecast (8% Monthly),30,,,system,2026-12-07
183,2051,Ice Cream Bowl,2027-01-01,Monthly,101,77.12,1.0,Growing,94,1.08,1.08,Business Growth Forecast (8% Monthly),30,,,system,2026-12-05
184,2051,Ice Cream Bowl,2027-01-01,Weekly,23,74.5,1.0,Growing,94,1.08,1.08,Business Growth Forecast (8% Monthly),7,,,system,2026-12-21
185,2051,Ice Cream Bowl,2027-01-08,Weekly,23,81.07,1.0,Growing,94,1.08,1.08,Business Growth Forecast (8% Monthly),7,,,system,2026-12-24
186,2051,Ice Cream Bowl,2027-01-15,Weekly,23,72.18,1.0,Growing,94,1.08,1.08,Business Growth Forecast (8% Monthly),7,,,system,2026-12-21
187,2051,Ice Cream Bowl,2027-01-22,Weekly,23,75.84,1.0,Growing,94,1.08,1.08,Business Growth Forecast (8% Monthly),7,,,system,2026-12-09
188,2051,Ice Cream Bowl,2027-02-01,Monthly,109,77.12,1.0,Growing,94,1.08,1.166,Business Growth Forecast (8% Monthly),30,,,system,2026-12-29
189,2051,Ice Cream Bowl,2027-03-01,Monthly,118,77.12,1.0,Growing,94,1.08,1.26,Business Growth Forecast (8% Monthly),30,,,system,2026-12-09
190,2061,Mixing Bowl,2027-01-01,Monthly,124,90.62,1.0,Growing,115,1.08,1.08,Business Growth Forecast (8% Monthly),30,,,system,2026-12-22
191,2061,Mixing Bowl,2027-01-01,Weekly,28,92.7,1.0,Growing,115,1.08,1.08,Business Growth Forecast (8% Monthly),7,,,system,2026-12-05
192,2061,Mixing Bowl,2027-01-08,Weekly,28,89.85,1.0,Growing,115,1.08,1.08,Business Growth Forecast (8% Monthly),7,,,system,2026-12-29
193,2061,Mixing Bowl,2027-01-15,Weekly,28,94.73,1.0,Growing,115,1.08,1.08,Business Growth Forecast (8% Monthly),7,,,system,2026-12-13
194,2061,Mixing Bowl,2027-01-22,Weekly,28,89.44,1.0,Growing,115,1.08,1.08,Business Growth Forecast (8% Monthly),7,,,system,2026-12-04
195,2061,Mixing Bowl,2027-02-01,Monthly,134,90.62,1.0,Growing,115,1.08,1.166,Business Growth Forecast (8% Monthly),30,,,system,2026-12-17
196,2061,Mixing Bowl,2027-03-01,Monthly,144,90.62,1.0,Growing,115,1.08,1.26,Business Growth Forecast (8% Monthly),30,,,system,2026-12-11
197,2071,Baking Pan,2027-01-01,Monthly,166,93.17,1.0,Growing,154,1.08,1.08,Business Growth Forecast (8% Monthly),30,,,system,2026-12-24
198,2071,Baking Pan,2027-01-01,Weekly,38,88.59,1.0,Growing,154,1.08,1.08,Business Growth Forecast (8% Monthly),7,,,system,2026-12-10
199,2071,Baking Pan,2027-01-08,Weekly,38,95.24,1.0,Growing,154,1.08,1.08,Business Growth Forecast (8% Monthly),7,,,system,2026-12-18
200,2071,Baking Pan,2027-01-15,Weekly,38,91.74,1.0,Growing,154,1.08,1.08,Business Growth Forecast (8% Monthly),7,,,system,2026-12-22
201,2071,Baking Pan,2027-01-22,Weekly,38,94.7,1.0,Growing,154,1.08,1.08,Business Growth Forecast (8% Monthly),7,,,system,2026-12-28
202,2071,Baking Pan,2027-02-01,Monthly,179,93.17,1.0,Growing,154,1.08,1.166,Business Growth Forecast (8% Monthly),30,,,system,2026-12-21
203,2071,Baking Pan,2027-03-01,Monthly,193,93.17,1.0,Growing,154,1.08,1.26,Business Growth Forecast (8% Monthly),30,,,system,2026-12-26
204,2081,Food Storage Set,2027-01-01,Monthly,61,86.14,1.0,Growing,57,1.08,1.08,Business Growth Forecast (8% Monthly),30,,,system,2026-12-09
205,2081,Food Storage Set,2027-01-01,Weekly,14,81.82,1.0,Growing,57,1.08,1.08,Business Growth Forecast (8% Monthly),7,,,system,2026-12-08
206,2081,Food Storage Set,2027-01-08,Weekly,14,83.18,1.0,Growing,57,1.08,1.08,Business Growth Forecast (8% Monthly),7,,,system,2026-12-06
207,2081,Food Storage Set,2027-01-15,Weekly,14,85.38,1.0,Growing,57,1.08,1.08,Business Growth Forecast (8% Monthly),7,,,system,2026-12-11
208,2081,Food Storage Set,2027-01-22,Weekly,14,89.19,1.0,Growing,57,1.08,1.08,Business Growth Forecast (8% Monthly),7,,,system,2026-12-15
209,2081,Food Storage Set,2027-02-01,Monthly,66,86.14,1.0,Growing,57,1.08,1.166,Business Growth Forecast (8% Monthly),30,,,system,2026-12-01
210,2081,Food Storage Set,2027-03-01,Monthly,71,86.14,1.0,Growing,57,1.08,1.26,Business Growth Forecast (8% Monthly),30,,,system,2026-12-17
211,2091,Spatula,2027-01-01,Monthly,92,94.96,1.0,Growing,86,1.08,1.08,Business Growth Forecast (8% Monthly),30,,,system,2026-12-01
212,2091,Spatula,2027-01-01,Weekly,21,96.39,1.0,Growing,86,1.08,1.08,Business Growth Forecast (8% Monthly),7,,,system,2026-12-11
213,2091,Spatula,2027-01-08,Weekly,21,98.85,1.0,Growing,86,1.08,1.08,Business Growth Forecast (8% Monthly),7,,,system,2026-12-22
214,2091,Spatula,2027-01-15,Weekly,21,92.16,1.0,Growing,86,1.08,1.08,Business Growth Forecast (8% Monthly),7,,,system,2026-12-01
215,2091,Spatula,2027-01-22,Weekly,21,97.66,1.0,Growing,86,1.08,1.08,Business Growth Forecast (8% Monthly),7,,,system,2026-12-25
216,2091,Spatula,2027-02-01,Monthly,100,94.96,1.0,Growing,86,1.08,1.166,Business Growth Forecast (8% Monthly),30,,,system,2026-12-28
217,2091,Spatula,2027-03-01,Monthly,108,94.96,1.0,Growing,86,1.08,1.26,Business Growth Forecast (8% Monthly),30,,,system,2026-12-02
218,2101,Measuring Cup Set,2027-01-01,Monthly,54,76.35,1.0,Growing,50,1.08,1.08,Business Growth Forecast (8% Monthly),30,,,system,2026-12-07
219,2101,Measuring Cup Set,2027-01-01,Weekly,12,71.6,1.0,Growing,50,1.08,1.08,Business Growth Forecast (8% Monthly),7,,,system,2026-12-02
220,2101,Measuring Cup Set,2027-01-08,Weekly,12,76.86,1.0,Growing,50,1.08,1.08,Business Growth Forecast (8% Monthly),7,,,system,2026-12-06
221,2101,Measuring Cup Set,2027-01-15,Weekly,12,78.19,1.0,Growing,50,1.08,1.08,Business Growth Forecast (8% Monthly),7,,,system,2026-12-26
222,2101,Measuring Cup Set,2027-01-22,Weekly,12,72.05,1.0,Growing,50,1.08,1.08,Business Growth Forecast (8% Monthly),7,,,system,2026-12-12
223,2101,Measuring Cup Set,2027-02-01,Monthly,58,76.35,1.0,Growing,50,1.08,1.166,Business Growth Forecast (8% Monthly),30,,,system,2026-12-29
224,2101,Measuring Cup Set,2027-03-01,Monthly,62,76.35,1.0,Growing,50,1.08,1.26,Business Growth Forecast (8% Monthly),30,,,system,2026-12-07
225,2111,High-Speed Blender,2027-01-01,Monthly,86,85.61,1.0,Growing,80,1.08,1.08,Business Growth Forecast (8% Monthly),30,,,system,2026-12-24
226,2111,High-Speed Blender,2027-01-01,Weekly,20,89.12,1.0,Growing,80,1.08,1.08,Business Growth Forecast (8% Monthly),7,,,system,2026-12-23
227,2111,High-Speed Blender,2027-01-08,Weekly,20,82.62,1.0,Growing,80,1.08,1.08,Business Growth Forecast (8% Monthly),7,,,system,2026-12-20
228,2111,High-Speed Blender,2027-01-15,Weekly,20,87.77,1.0,Growing,80,1.08,1.08,Business Growth Forecast (8% Monthly),7,,,system,2026-12-15
229,2111,High-Speed Blender,2027-01-22,Weekly,20,86.68,1.0,Growing,80,1.08,1.08,Business Growth Forecast (8% Monthly),7,,,system,2026-12-09
230,2111,High-Speed Blender,2027-02-01,Monthly,93,85.61,1.0,Growing,80,1.08,1.166,Business Growth Forecast (8% Monthly),30,,,system,2026-12-12
231,2111,High-Speed Blender,2027-03-01,Monthly,100,85.61,1.0,Growing,80,1.08,1.26,Business Growth Forecast (8% Monthly),30,,,system,2026-12-27
232,2112,4-Slice Toaster,2027-01-01,Monthly,57,76.56,1.0,Growing,53,1.08,1.08,Business Growth Forecast (8% Monthly),30,,,system,2026-12-24
233,2112,4-Slice Toaster,2027-01-01,Weekly,13,75.46,1.0,Growing,53,1.08,1.08,Business Growth Forecast (8% Monthly),7,,,system,2026-12-05
234,2112,4-Slice Toaster,2027-01-08,Weekly,13,81.33,1.0,Growing,53,1.08,1.08,Business Growth Forecast (8% Monthly),7,,,system,2026-12-29
235,2112,4-Slice Toaster,2027-01-15,Weekly,13,72.61,1.0,Growing,53,1.08,1.08,Business Growth Forecast (8% Monthly),7,,,system,2026-12-11
236,2112,4-Slice Toaster,2027-01-22,Weekly,13,73.65,1.0,Growing,53,1.08,1.08,Business Growth Forecast (8% Monthly),7,,,system,2026-12-29
237,2112,4-Slice Toaster,2027-02-01,Monthly,61,76.56,1.0,Growing,53,1.08,1.166,Business Growth Forecast (8% Monthly),30,,,system,2026-12-15
238,2112,4-Slice Toaster,2027-03-01,Monthly,66,76.56,1.0,Growing,53,1.08,1.26,Business Growth Forecast (8% Monthly),30,,,system,2026-12-14
239,2121,Bamboo Cutting Board Set,2027-01-01,Monthly,103,85.97,1.0,Growing,96,1.08,1.08,Business Growth Forecast (8% Monthly),30,,,system,2026-12-08
240,2121,Bamboo Cutting Board Set,2027-01-01,Weekly,23,84.8,1.0,Growing,96,1.08,1.08,Business Growth Forecast (8% Monthly),7,,,system,2026-12-04
241,2121,Bamboo Cutting Board Set,2027-01-08,Weekly,23,87.59,1.0,Growing,96,1.08,1.08,Business Growth Forecast (8% Monthly),7,,,system,2026-12-27
242,2121,Bamboo Cutting Board Set,2027-01-15,Weekly,23,81.02,1.0,Growing,96,1.08,1.08,Business Growth Forecast (8% Monthly),7,,,system,2026-12-10
243,2121,Bamboo Cutting Board Set,2027-01-22,Weekly,23,89.66,1.0,Growing,96,1.08,1.08,Business Growth Forecast (8% Monthly),7,,,system,2026-12-09
244,2121,Bamboo Cutting Board Set,2027-02-01,Monthly,111,85.97,1.0,Growing,96,1.08,1.166,Business Growth Forecast (8% Monthly),30,,,system,2026-12-03
245,2121,Bamboo Cutting Board Set,2027-03-01,Monthly,120,85.97,1.0,Growing,96,1.08,1.26,Business Growth Forecast (8% Monthly),30,,,system,2026-12-29
246,3011,Alpine Pro Racing Skis - 170cm,2027-01-01,Monthly,10,94.77,1.0,Growing,10,1.08,1.08,Business Growth Forecast (8% Monthly),30,,,system,2026-12-16
247,3011,Alpine Pro Racing Skis - 170cm,2027-01-01,Weekly,2,98.93,1.0,Growing,10,1.08,1.08,Business Growth Forecast (8% Monthly),7,,,system,2026-12-16
248,3011,Alpine Pro Racing Skis - 170cm,2027-01-08,Weekly,2,91.21,1.0,Growing,10,1.08,1.08,Business Growth Forecast (8% Monthly),7,,,system,2026-12-26
249,3011,Alpine Pro Racing Skis - 170cm,2027-01-15,Weekly,2,95.5,1.0,Growing,10,1.08,1.08,Business Growth Forecast (8% Monthly),7,,,system,2026-12-05
250,3011,Alpine Pro Racing Skis - 170cm,2027-01-22,Weekly,2,96.7,1.0,Growing,10,1.08,1.08,Business Growth Forecast (8% Monthly),7,,,system,2026-12-27
251,3011,Alpine Pro Racing Skis - 170cm,2027-02-01,Monthly,23,94.77,1.0,Growing,20,1.08,1.166,Business Growth Forecast (8% Monthly),30,,,system,2026-12-01
252,3011,Alpine Pro Racing Skis - 170cm,2027-03-01,Monthly,50,94.77,1.0,Growing,40,1.08,1.26,Business Growth Forecast (8% Monthly),30,,,system,2026-12-12
253,3012,Mountain Master All-Terrain Skis - 165cm,2027-01-01,Monthly,4,78.98,1.0,Growing,4,1.08,1.08,Business Growth Forecast (8% Monthly),30,,,system,2026-12-02
254,3012,Mountain Master All-Terrain Skis - 165cm,2027-01-01,Weekly,1,79.86,1.0,Growing,4,1.08,1.08,Business Growth Forecast (8% Monthly),7,,,system,2026-12-04
255,3012,Mountain Master All-Terrain Skis - 165cm,2027-01-08,Weekly,1,78.75,1.0,Growing,4,1.08,1.08,Business Growth Forecast (8% Monthly),7,,,system,2026-12-23
256,3012,Mountain Master All-Terrain Skis - 165cm,2027-01-15,Weekly,1,75.56,1.0,Growing,4,1.08,1.08,Business Growth Forecast (8% Monthly),7,,,system,2026-12-26
257,3012,Mountain Master All-Terrain Skis - 165cm,2027-01-22,Weekly,1,75.58,1.0,Growing,4,1.08,1.08,Business Growth Forecast (8% Monthly),7,,,system,2026-12-05
258,3012,Mountain Master All-Terrain Skis - 165cm,2027-02-01,Monthly,9,78.98,1.0,Growing,8,1.08,1.166,Business Growth Forecast (8% Monthly),30,,,system,2026-12-11
259,3012,Mountain Master All-Terrain Skis - 165cm,2027-03-01,Monthly,20,78.98,1.0,Growing,16,1.08,1.26,Business Growth Forecast (8% Monthly),30,,,system,2026-12-26
260,3013,Beginner's Choice Alpine Skis - 160cm,2027-01-01,Monthly,6,78.26,1.0,Growing,6,1.08,1.08,Business Growth Forecast (8% Monthly),30,,,system,2026-12-04
261,3013,Beginner's Choice Alpine Skis - 160cm,2027-01-01,Weekly,1,81.31,1.0,Growing,6,1.08,1.08,Business Growth Forecast (8% Monthly),7,,,system,2026-12-13
262,3013,Beginner's Choice Alpine Skis - 160cm,2027-01-08,Weekly,1,75.64,1.0,Growing,6,1.08,1.08,Business Growth Forecast (8% Monthly),7,,,system,2026-12-22
263,3013,Beginner's Choice Alpine Skis - 160cm,2027-01-15,Weekly,1,76.44,1.0,Growing,6,1.08,1.08,Business Growth Forecast (8% Monthly),7,,,system,2026-12-14
264,3013,Beginner's Choice Alpine Skis - 160cm,2027-01-22,Weekly,1,77.73,1.0,Growing,6,1.08,1.08,Business Growth Forecast (8% Monthly),7,,,system,2026-12-22
265,3013,Beginner's Choice Alpine Skis - 160cm,2027-02-01,Monthly,13,78.26,1.0,Growing,12,1.08,1.166,Business Growth Forecast (8% Monthly),30,,,system,2026-12-10
266,3013,Beginner's Choice Alpine Skis - 160cm,2027-03-01,Monthly,30,78.26,1.0,Growing,24,1.08,1.26,Business Growth Forecast (8% Monthly),30,,,system,2026-12-01
267,3021,Nordic Classic XC Skis - 185cm,2027-01-01,Monthly,2,80.9,1.0,Growing,2,1.08,1.08,Business Growth Forecast (8% Monthly),30,,,system,2026-12-04
268,3021,Nordic Classic XC Skis - 185cm,2027-01-01,Weekly,1,82.7,1.0,Growing,2,1.08,1.08,Business Growth Forecast (8% Monthly),7,,,system,2026-12-08
269,3021,Nordic Classic XC Skis - 185cm,2027-01-08,Weekly,1,80.45,1.0,Growing,2,1.08,1.08,Business Growth Forecast (8% Monthly),7,,,system,2026-12-24
270,3021,Nordic Classic XC Skis - 185cm,2027-01-15,Weekly,1,80.5,1.0,Growing,2,1.08,1.08,Business Growth Forecast (8% Monthly),7,,,system,2026-12-27
271,3021,Nordic Classic XC Skis - 185cm,2027-01-22,Weekly,1,83.52,1.0,Growing,2,1.08,1.08,Business Growth Forecast (8% Monthly),7,,,system,2026-12-10
272,3021,Nordic Classic XC Skis - 185cm,2027-02-01,Monthly,4,80.9,1.0,Growing,4,1.08,1.166,Business Growth Forecast (8% Monthly),30,,,system,2026-12-12
273,3021,Nordic Classic XC Skis - 185cm,2027-03-01,Monthly,10,80.9,1.0,Growing,8,1.08,1.26,Business Growth Forecast (8% Monthly),30,,,system,2026-12-19
274,3022,Backcountry Explorer XC Skis - 190cm,2027-01-01,Monthly,2,90.72,1.0,Growing,2,1.08,1.08,Business Growth Forecast (8% Monthly),30,,,system,2026-12-23
275,3022,Backcountry Explorer XC Skis - 190cm,2027-01-01,Weekly,1,90.99,1.0,Growing,2,1.08,1.08,Business Growth Forecast (8% Monthly),7,,,system,2026-12-26
276,3022,Backcountry Explorer XC Skis - 190cm,2027-01-08,Weekly,1,91.91,1.0,Growing,2,1.08,1.08,Business Growth Forecast (8% Monthly),7,,,system,2026-12-17
277,3022,Backcountry Explorer XC Skis - 190cm,2027-01-15,Weekly,1,86.47,1.0,Growing,2,1.08,1.08,Business Growth Forecast (8% Monthly),7,,,system,2026-12-17
278,3022,Backcountry Explorer XC Skis - 190cm,2027-01-22,Weekly,1,87.26,1.0,Growing,2,1.08,1.08,Business Growth Forecast (8% Monthly),7,,,system,2026-12-29
279,3022,Backcountry Explorer XC Skis - 190cm,2027-02-01,Monthly,4,90.72,1.0,Growing,4,1.08,1.166,Business Growth Forecast (8% Monthly),30,,,system,2026-12-21
280,3022,Backcountry Explorer XC Skis - 190cm,2027-03-01,Monthly,10,90.72,1.0,Growing,8,1.08,1.26,Business Growth Forecast (8% Monthly),30,,,system,2026-12-04
281,3031,Pro Flex Racing Ski Boots,2027-01-01,Monthly,4,90.38,1.0,Growing,4,1.08,1.08,Business Growth Forecast (8% Monthly),30,,,system,2026-12-26
282,3031,Pro Flex Racing Ski Boots,2027-01-01,Weekly,1,90.67,1.0,Growing,4,1.08,1.08,Business Growth Forecast (8% Monthly),7,,,system,2026-12-11
283,3031,Pro Flex Racing Ski Boots,2027-01-08,Weekly,1,91.6,1.0,Growing,4,1.08,1.08,Business Growth Forecast (8% Monthly),7,,,system,2026-12-17
284,3031,Pro Flex Racing Ski Boots,2027-01-15,Weekly,1,92.48,1.0,Growing,4,1.08,1.08,Business Growth Forecast (8% Monthly),7,,,system,2026-12-01
285,3031,Pro Flex Racing Ski Boots,2027-01-22,Weekly,1,93.35,1.0,Growing,4,1.08,1.08,Business Growth Forecast (8% Monthly),7,,,system,2026-12-15
286,3031,Pro Flex Racing Ski Boots,2027-02-01,Monthly,9,90.38,1.0,Growing,8,1.08,1.166,Business Growth Forecast (8% Monthly),30,,,system,2026-12-13
287,3031,Pro Flex Racing Ski Boots,2027-03-01,Monthly,20,90.38,1.0,Growing,16,1.08,1.26,Business Growth Forecast (8% Monthly),30,,,system,2026-12-21
288,3032,Comfort Fit Recreational Boots,2027-01-01,Monthly,8,84.31,1.0,Growing,8,1.08,1.08,Business Growth Forecast (8% Monthly),30,,,system,2026-12-21
289,3032,Comfort Fit Recreational Boots,2027-01-01,Weekly,1,82.27,1.0,Growing,8,1.08,1.08,Business Growth Forecast (8% Monthly),7,,,system,2026-12-07
290,3032,Comfort Fit Recreational Boots,2027-01-08,Weekly,1,83.14,1.0,Growing,8,1.08,1.08,Business Growth Forecast (8% Monthly),7,,,system,2026-12-18
291,3032,Comfort Fit Recreational Boots,2027-01-15,Weekly,1,86.79,1.0,Growing,8,1.08,1.08,Business Growth Forecast (8% Monthly),7,,,system,2026-12-21
292,3032,Comfort Fit Recreational Boots,2027-01-22,Weekly,1,87.61,1.0,Growing,8,1.08,1.08,Business Growth Forecast (8% Monthly),7,,,system,2026-12-10
293,3032,Comfort Fit Recreational Boots,2027-02-01,Monthly,18,84.31,1.0,Growing,16,1.08,1.166,Business Growth Forecast (8% Monthly),30,,,system,2026-12-26
294,3032,Comfort Fit Recreational Boots,2027-03-01,Monthly,40,84.31,1.0,Growing,32,1.08,1.26,Business Growth Forecast (8% Monthly),30,,,system,2026-12-27
295,3033,Women's Performance Ski Boots,2027-01-01,Monthly,6,86.56,1.0,Growing,6,1.08,1.08,Business Growth Forecast (8% Monthly),30,,,system,2026-12-22
296,3033,Women's Performance Ski Boots,2027-01-01,Weekly,1,90.7,1.0,Growing,6,1.08,1.08,Business Growth Forecast (8% Monthly),7,,,system,2026-12-10
297,3033,Women's Performance Ski Boots,2027-01-08,Weekly,1,91.43,1.0,Growing,6,1.08,1.08,Business Growth Forecast (8% Monthly),7,,,system,2026-12-21
298,3033,Women's Performance Ski Boots,2027-01-15,Weekly,1,83.58,1.0,Growing,6,1.08,1.08,Business Growth Forecast (8% Monthly),7,,,system,2026-12-10
299,3033,Women's Performance Ski Boots,2027-01-22,Weekly,1,83.01,1.0,Growing,6,1.08,1.08,Business Growth Forecast (8% Monthly),7,,,system,2026-12-15
300,3033,Women's Performance Ski Boots,2027-02-01,Monthly,13,86.56,1.0,Growing,12,1.08,1.166,Business Growth Forecast (8% Monthly),30,,,system,2026-12-24
301,3033,Women's Performance Ski Boots,2027-03-01,Monthly,30,86.56,1.0,Growing,24,1.08,1.26,Business Growth Forecast (8% Monthly),30,,,system,2026-12-24
302,3041,Carbon Fiber Racing Poles - 120cm,2027-01-01,Monthly,4,76.41,1.0,Growing,4,1.08,1.08,Business Growth Forecast (8% Monthly),30,,,system,2026-12-23
303,3041,Carbon Fiber Racing Poles - 120cm,2027-01-01,Weekly,1,75.44,1.0,Growing,4,1.08,1.08,Business Growth Forecast (8% Monthly),7,,,system,2026-12-11
304,3041,Carbon Fiber Racing Poles - 120cm,2027-01-08,Weekly,1,73.75,1.0,Growing,4,1.08,1.08,Business Growth Forecast (8% Monthly),7,,,system,2026-12-07
305,3041,Carbon Fiber Racing Poles - 120cm,2027-01-15,Weekly,1,77.71,1.0,Growing,4,1.08,1.08,Business Growth Forecast (8% Monthly),7,,,system,2026-12-22
306,3041,Carbon Fiber Racing Poles - 120cm,2027-01-22,Weekly,1,80.55,1.0,Growing,4,1.08,1.08,Business Growth Forecast (8% Monthly),7,,,system,2026-12-19
307,3041,Carbon Fiber Racing Poles - 120cm,2027-02-01,Monthly,9,76.41,1.0,Growing,8,1.08,1.166,Business Growth Forecast (8% Monthly),30,,,system,2026-12-21
308,3041,Carbon Fiber Racing Poles - 120cm,2027-03-01,Monthly,20,76.41,1.0,Growing,16,1.08,1.26,Business Growth Forecast (8% Monthly),30,,,system,2026-12-24
309,3042,Aluminum All-Mountain Poles - 115cm,2027-01-01,Monthly,2,93.52,1.0,Growing,2,1.08,1.08,Business Growth Forecast (8% Monthly),30,,,system,2026-12-30
310,3042,Aluminum All-Mountain Poles - 115cm,2027-01-01,Weekly,1,98.17,1.0,Growing,2,1.08,1.08,Business Growth Forecast (8% Monthly),7,,,system,2026-12-19
311,3042,Aluminum All-Mountain Poles - 115cm,2027-01-08,Weekly,1,89.26,1.0,Growing,2,1.08,1.08,Business Growth Forecast (8% Monthly),7,,,system,2026-12-06
312,3042,Aluminum All-Mountain Poles - 115cm,2027-01-15,Weekly,1,88.83,1.0,Growing,2,1.08,1.08,Business Growth Forecast (8% Monthly),7,,,system,2026-12-19
313,3042,Aluminum All-Mountain Poles - 115cm,2027-01-22,Weekly,1,88.79,1.0,Growing,2,1.08,1.08,Business Growth Forecast (8% Monthly),7,,,system,2026-12-18
314,3042,Aluminum All-Mountain Poles - 115cm,2027-02-01,Monthly,4,93.52,1.0,Growing,4,1.08,1.166,Business Growth Forecast (8% Monthly),30,,,system,2026-12-18
315,3042,Aluminum All-Mountain Poles - 115cm,2027-03-01,Monthly,10,93.52,1.0,Growing,8,1.08,1.26,Business Growth Forecast (8% Monthly),30,,,system,2026-12-17
316,3051,Insulated Ski Jacket - Men's,2027-01-01,Monthly,6,87.49,1.0,Growing,6,1.08,1.08,Business Growth Forecast (8% Monthly),30,,,system,2026-12-16
317,3051,Insulated Ski Jacket - Men's,2027-01-01,Weekly,1,90.03,1.0,Growing,6,1.08,1.08,Business Growth Forecast (8% Monthly),7,,,system,2026-12-30
318,3051,Insulated Ski Jacket - Men's,2027-01-08,Weekly,1,84.63,1.0,Growing,6,1.08,1.08,Business Growth Forecast (8% Monthly),7,,,system,2026-12-28
319,3051,Insulated Ski Jacket - Men's,2027-01-15,Weekly,1,91.1,1.0,Growing,6,1.08,1.08,Business Growth Forecast (8% Monthly),7,,,system,2026-12-19
320,3051,Insulated Ski Jacket - Men's,2027-01-22,Weekly,1,88.71,1.0,Growing,6,1.08,1.08,Business Growth Forecast (8% Monthly),7,,,system,2026-12-13
321,3051,Insulated Ski Jacket - Men's,2027-02-01,Monthly,13,87.49,1.0,Growing,12,1.08,1.166,Business Growth Forecast (8% Monthly),30,,,system,2026-12-08
322,3051,Insulated Ski Jacket - Men's,2027-03-01,Monthly,30,87.49,1.0,Growing,24,1.08,1.26,Business Growth Forecast (8% Monthly),30,,,system,2026-12-16
323,3052,Thermal Base Layer Set - Women's,2027-01-01,Monthly,4,91.26,1.0,Growing,4,1.08,1.08,Business Growth Forecast (8% Monthly),30,,,system,2026-12-23
324,3052,Thermal Base Layer Set - Women's,2027-01-01,Weekly,1,94.65,1.0,Growing,4,1.08,1.08,Business Growth Forecast (8% Monthly),7,,,system,2026-12-25
325,3052,Thermal Base Layer Set - Women's,2027-01-08,Weekly,1,90.76,1.0,Growing,4,1.08,1.08,Business Growth Forecast (8% Monthly),7,,,system,2026-12-25
326,3052,Thermal Base Layer Set - Women's,2027-01-15,Weekly,1,87.48,1.0,Growing,4,1.08,1.08,Business Growth Forecast (8% Monthly),7,,,system,2026-12-01
327,3052,Thermal Base Layer Set - Women's,2027-01-22,Weekly,1,91.56,1.0,Growing,4,1.08,1.08,Business Growth Forecast (8% Monthly),7,,,system,2026-12-26
328,3052,Thermal Base Layer Set - Women's,2027-02-01,Monthly,9,91.26,1.0,Growing,8,1.08,1.166,Business Growth Forecast (8% Monthly),30,,,system,2026-12-25
329,3052,Thermal Base Layer Set - Women's,2027-03-01,Monthly,20,91.26,1.0,Growing,16,1.08,1.26,Business Growth Forecast (8% Monthly),30,,,system,2026-12-13
330,3053,Waterproof Ski Pants,2027-01-01,Monthly,6,79.1,1.0,Growing,6,1.08,1.08,Business Growth Forecast (8% Monthly),30,,,system,2026-12-30
331,3053,Waterproof Ski Pants,2027-01-01,Weekly,1,76.62,1.0,Growing,6,1.08,1.08,Business Growth Forecast (8% Monthly),7,,,system,2026-12-01
332,3053,Waterproof Ski Pants,2027-01-08,Weekly,1,77.74,1.0,Growing,6,1.08,1.08,Business Growth Forecast (8% Monthly),7,,,system,2026-12-28
333,3053,Waterproof Ski Pants,2027-01-15,Weekly,1,76.36,1.0,Growing,6,1.08,1.08,Business Growth Forecast (8% Monthly),7,,,system,2026-12-11
334,3053,Waterproof Ski Pants,2027-01-22,Weekly,1,79.0,1.0,Growing,6,1.08,1.08,Business Growth Forecast (8% Monthly),7,,,system,2026-12-23
335,3053,Waterproof Ski Pants,2027-02-01,Monthly,13,79.1,1.0,Growing,12,1.08,1.166,Business Growth Forecast (8% Monthly),30,,,system,2026-12-15
336,3053,Waterproof Ski Pants,2027-03-01,Monthly,30,79.1,1.0,Growing,24,1.08,1.26,Business Growth Forecast (8% Monthly),30,,,system,2026-12-23
337,3061,Professional Ski Helmet,2027-01-01,Monthly,2,93.87,1.0,Growing,2,1.08,1.08,Business Growth Forecast (8% Monthly),30,,,system,2026-12-01
338,3061,Professional Ski Helmet,2027-01-01,Weekly,1,96.01,1.0,Growing,2,1.08,1.08,Business Growth Forecast (8% Monthly),7,,,system,2026-12-30
339,3061,Professional Ski Helmet,2027-01-08,Weekly,1,89.16,1.0,Growing,2,1.08,1.08,Business Growth Forecast (8% Monthly),7,,,system,2026-12-18
340,3061,Professional Ski Helmet,2027-01-15,Weekly,1,97.71,1.0,Growing,2,1.08,1.08,Business Growth Forecast (8% Monthly),7,,,system,2026-12-26
341,3061,Professional Ski Helmet,2027-01-22,Weekly,1,89.68,1.0,Growing,2,1.08,1.08,Business Growth Forecast (8% Monthly),7,,,system,2026-12-26
342,3061,Professional Ski Helmet,2027-02-01,Monthly,4,93.87,1.0,Growing,4,1.08,1.166,Business Growth Forecast (8% Monthly),30,,,system,2026-12-10
343,3061,Professional Ski Helmet,2027-03-01,Monthly,10,93.87,1.0,Growing,8,1.08,1.26,Business Growth Forecast (8% Monthly),30,,,system,2026-12-09
344,3062,Anti-Fog Ski Goggles,2027-01-01,Monthly,4,87.81,1.0,Growing,4,1.08,1.08,Business Growth Forecast (8% Monthly),30,,,system,2026-12-03
345,3062,Anti-Fog Ski Goggles,2027-01-01,Weekly,1,91.07,1.0,Growing,4,1.08,1.08,Business Growth Forecast (8% Monthly),7,,,system,2026-12-16
346,3062,Anti-Fog Ski Goggles,2027-01-08,Weekly,1,84.43,1.0,Growing,4,1.08,1.08,Business Growth Forecast (8% Monthly),7,,,system,2026-12-16
347,3062,Anti-Fog Ski Goggles,2027-01-15,Weekly,1,84.13,1.0,Growing,4,1.08,1.08,Business Growth Forecast (8% Monthly),7,,,system,2026-12-08
348,3062,Anti-Fog Ski Goggles,2027-01-22,Weekly,1,88.05,1.0,Growing,4,1.08,1.08,Business Growth Forecast (8% Monthly),7,,,system,2026-12-02
349,3062,Anti-Fog Ski Goggles,2027-02-01,Monthly,9,87.81,1.0,Growing,8,1.08,1.166,Business Growth Forecast (8% Monthly),30,,,system,2026-12-03
350,3062,Anti-Fog Ski Goggles,2027-03-01,Monthly,20,87.81,1.0,Growing,16,1.08,1.26,Business Growth Forecast (8% Monthly),30,,,system,2026-12-09
351,3071,Ski Boot Bag - Premium,2027-01-01,Monthly,2,88.75,1.0,Growing,2,1.08,1.08,Business Growth Forecast (8% Monthly),30,,,system,2026-12-13
352,3071,Ski Boot Bag - Premium,2027-01-01,Weekly,1,89.3,1.0,Growing,2,1.08,1.08,Business Growth Forecast (8% Monthly),7,,,system,2026-12-26
353,3071,Ski Boot Bag - Premium,2027-01-08,Weekly,1,92.63,1.0,Growing,2,1.08,1.08,Business Growth Forecast (8% Monthly),7,,,system,2026-12-26
354,3071,Ski Boot Bag - Premium,2027-01-15,Weekly,1,93.48,1.0,Growing,2,1.08,1.08,Business Growth Forecast (8% Monthly),7,,,system,2026-12-29
355,3071,Ski Boot Bag - Premium,2027-01-22,Weekly,1,87.91,1.0,Growing,2,1.08,1.08,Business Growth Forecast (8% Monthly),7,,,system,2026-12-30
356,3071,Ski Boot Bag - Premium,2027-02-01,Monthly,4,88.75,1.0,Growing,4,1.08,1.166,Business Growth Forecast (8% Monthly),30,,,system,2026-12-23
357,3071,Ski Boot Bag - Premium,2027-03-01,Monthly,10,88.75,1.0,Growing,8,1.08,1.26,Business Growth Forecast (8% Monthly),30,,,system,2026-12-01
358,3072,Hand Warmers - 10 Pack,2027-01-01,Monthly,4,75.73,1.0,Growing,4,1.08,1.08,Business Growth Forecast (8% Monthly),30,,,system,2026-12-28
359,3072,Hand Warmers - 10 Pack,2027-01-01,Weekly,1,73.75,1.0,Growing,4,1.08,1.08,Business Growth Forecast (8% Monthly),7,,,system,2026-12-06
360,3072,Hand Warmers - 10 Pack,2027-01-08,Weekly,1,77.95,1.0,Growing,4,1.08,1.08,Business Growth Forecast (8% Monthly),7,,,system,2026-12-09
361,3072,Hand Warmers - 10 Pack,2027-01-15,Weekly,1,73.99,1.0,Growing,4,1.08,1.08,Business Growth Forecast (8% Monthly),7,,,system,2026-12-10
362,3072,Hand Warmers - 10 Pack,2027-01-22,Weekly,1,71.25,1.0,Growing,4,1.08,1.08,Business Growth Forecast (8% Monthly),7,,,system,2026-12-15
363,3072,Hand Warmers - 10 Pack,2027-02-01,Monthly,9,75.73,1.0,Growing,8,1.08,1.166,Business Growth Forecast (8% Monthly),30,,,system,2026-12-15
364,3072,Hand Warmers - 10 Pack,2027-03-01,Monthly,20,75.73,1.0,Growing,16,1.08,1.26,Business Growth Forecast (8% Monthly),30,,,system,2026-12-25
365,3081,All-Temp Ski Wax Kit,2027-01-01,Monthly,12,75.07,1.0,Growing,12,1.08,1.08,Business Growth Forecast (8% Monthly),30,,,system,2026-12-15
366,3081,All-Temp Ski Wax Kit,2027-01-01,Weekly,2,73.29,1.0,Growing,12,1.08,1.08,Business Growth Forecast (8% Monthly),7,,,system,2026-12-10
367,3081,All-Temp Ski Wax Kit,2027-01-08,Weekly,2,73.8,1.0,Growing,12,1.08,1.08,Business Growth Forecast (8% Monthly),7,,,system,2026-12-18
368,3081,All-Temp Ski Wax Kit,2027-01-15,Weekly,2,70.85,1.0,Growing,12,1.08,1.08,Business Growth Forecast (8% Monthly),7,,,system,2026-12-07
369,3081,All-Temp Ski Wax Kit,2027-01-22,Weekly,2,78.64,1.0,Growing,12,1.08,1.08,Business Growth Forecast (8% Monthly),7,,,system,2026-12-27
370,3081,All-Temp Ski Wax Kit,2027-02-01,Monthly,27,75.07,1.0,Growing,24,1.08,1.166,Business Growth Forecast (8% Monthly),30,,,system,2026-12-12
371,3081,All-Temp Ski Wax Kit,2027-03-01,Monthly,60,75.07,1.0,Growing,48,1.08,1.26,Business Growth Forecast (8% Monthly),30,,,system,2026-12-15
372,3082,Edge Tuning Tool Set,2027-01-01,Monthly,12,87.42,1.0,Growing,12,1.08,1.08,Business Growth Forecast (8% Monthly),30,,,system,2026-12-08
373,3082,Edge Tuning Tool Set,2027-01-01,Weekly,2,90.29,1.0,Growing,12,1.08,1.08,Business Growth Forecast (8% Monthly),7,,,system,2026-12-12
374,3082,Edge Tuning Tool Set,2027-01-08,Weekly,2,87.64,1.0,Growing,12,1.08,1.08,Business Growth Forecast (8% Monthly),7,,,system,2026-12-25
375,3082,Edge Tuning Tool Set,2027-01-15,Weekly,2,89.11,1.0,Growing,12,1.08,1.08,Business Growth Forecast (8% Monthly),7,,,system,2026-12-16
376,3082,Edge Tuning Tool Set,2027-01-22,Weekly,2,84.09,1.0,Growing,12,1.08,1.08,Business Growth Forecast (8% Monthly),7,,,system,2026-12-19
377,3082,Edge Tuning Tool Set,2027-02-01,Monthly,27,87.42,1.0,Growing,24,1.08,1.166,Business Growth Forecast (8% Monthly),30,,,system,2026-12-17
378,3082,Edge Tuning Tool Set,2027-03-01,Monthly,60,87.42,1.0,Growing,48,1.08,1.26,Business Growth Forecast (8% Monthly),30,,,system,2026-12-18
379,3091,Freestyle Snowboard - 155cm,2027-01-01,Monthly,4,83.38,1.0,Growing,4,1.08,1.08,Business Growth Forecast (8% Monthly),30,,,system,2026-12-22
380,3091,Freestyle Snowboard - 155cm,2027-01-01,Weekly,1,85.0,1.0,Growing,4,1.08,1.08,Business Growth Forecast (8% Monthly),7,,,system,2026-12-20
381,3091,Freestyle Snowboard - 155cm,2027-01-08,Weekly,1,81.1,1.0,Growing,4,1.08,1.08,Business Growth Forecast (8% Monthly),7,,,system,2026-12-13
382,3091,Freestyle Snowboard - 155cm,2027-01-15,Weekly,1,80.67,1.0,Growing,4,1.08,1.08,Business Growth Forecast (8% Monthly),7,,,system,2026-12-30
383,3091,Freestyle Snowboard - 155cm,2027-01-22,Weekly,1,78.54,1.0,Growing,4,1.08,1.08,Business Growth Forecast (8% Monthly),7,,,system,2026-12-20
384,3091,Freestyle Snowboard - 155cm,2027-02-01,Monthly,9,83.38,1.0,Growing,8,1.08,1.166,Business Growth Forecast (8% Monthly),30,,,system,2026-12-17
385,3091,Freestyle Snowboard - 155cm,2027-03-01,Monthly,20,83.38,1.0,Growing,16,1.08,1.26,Business Growth Forecast (8% Monthly),30,,,system,2026-12-22
386,3092,All-Mountain Snowboard - 158cm,2027-01-01,Monthly,6,86.14,1.0,Growing,6,1.08,1.08,Business Growth Forecast (8% Monthly),30,,,system,2026-12-03
387,3092,All-Mountain Snowboard - 158cm,2027-01-01,Weekly,1,91.03,1.0,Growing,6,1.08,1.08,Business Growth Forecast (8% Monthly),7,,,system,2026-12-07
388,3092,All-Mountain Snowboard - 158cm,2027-01-08,Weekly,1,85.21,1.0,Growing,6,1.08,1.08,Business Growth Forecast (8% Monthly),7,,,system,2026-12-18
389,3092,All-Mountain Snowboard - 158cm,2027-01-15,Weekly,1,88.28,1.0,Growing,6,1.08,1.08,Business Growth Forecast (8% Monthly),7,,,system,2026-12-10
390,3092,All-Mountain Snowboard - 158cm,2027-01-22,Weekly,1,82.52,1.0,Growing,6,1.08,1.08,Business Growth Forecast (8% Monthly),7,,,system,2026-12-28
391,3092,All-Mountain Snowboard - 158cm,2027-02-01,Monthly,13,86.14,1.0,Growing,12,1.08,1.166,Business Growth Forecast (8% Monthly),30,,,system,2026-12-04
392,3092,All-Mountain Snowboard - 158cm,2027-03-01,Monthly,30,86.14,1.0,Growing,24,1.08,1.26,Business Growth Forecast (8% Monthly),30,,,system,2026-12-02
393,3101,Winter Boots - Insulated,2027-01-01,Monthly,2,80.83,1.0,Growing,2,1.08,1.08,Business Growth Forecast (8% Monthly),30,,,system,2026-12-09
394,3101,Winter Boots - Insulated,2027-01-01,Weekly,1,84.99,1.0,Growing,2,1.08,1.08,Business Growth Forecast (8% Monthly),7,,,system,2026-12-13
395,3101,Winter Boots - Insulated,2027-01-08,Weekly,1,85.73,1.0,Growing,2,1.08,1.08,Business Growth Forecast (8% Monthly),7,,,system,2026-12-02
396,3101,Winter Boots - Insulated,2027-01-15,Weekly,1,85.34,1.0,Growing,2,1.08,1.08,Business Growth Forecast (8% Monthly),7,,,system,2026-12-11
397,3101,Winter Boots - Insulated,2027-01-22,Weekly,1,76.94,1.0,Growing,2,1.08,1.08,Business Growth Forecast (8% Monthly),7,,,system,2026-12-05
398,3101,Winter Boots - Insulated,2027-02-01,Monthly,4,80.83,1.0,Growing,4,1.08,1.166,Business Growth Forecast (8% Monthly),30,,,system,2026-12-13
399,3101,Winter Boots - Insulated,2027-03-01,Monthly,10,80.83,1.0,Growing,8,1.08,1.26,Business Growth Forecast (8% Monthly),30,,,system,2026-12-30
400,3102,Winter Hiking Boots - Waterproof,2027-01-01,Monthly,2,94.62,1.0,Growing,2,1.08,1.08,Business Growth Forecast (8% Monthly),30,,,system,2026-12-29
401,3102,Winter Hiking Boots - Waterproof,2027-01-01,Weekly,1,97.47,1.0,Growing,2,1.08,1.08,Business Growth Forecast (8% Monthly),7,,,system,2026-12-13
402,3102,Winter Hiking Boots - Waterproof,2027-01-08,Weekly,1,90.37,1.0,Growing,2,1.08,1.08,Business Growth Forecast (8% Monthly),7,,,system,2026-12-12
403,3102,Winter Hiking Boots - Waterproof,2027-01-15,Weekly,1,96.75,1.0,Growing,2,1.08,1.08,Business Growth Forecast (8% Monthly),7,,,system,2026-12-18
404,3102,Winter Hiking Boots - Waterproof,2027-01-22,Weekly,1,94.87,1.0,Growing,2,1.08,1.08,Business Growth Forecast (8% Monthly),7,,,system,2026-12-21
405,3102,Winter Hiking Boots - Waterproof,2027-02-01,Monthly,4,94.62,1.0,Growing,4,1.08,1.166,Business Growth Forecast (8% Monthly),30,,,system,2026-12-05
406,3102,Winter Hiking Boots - Waterproof,2027-03-01,Monthly,10,94.62,1.0,Growing,8,1.08,1.26,Business Growth Forecast (8% Monthly),30,,,system,2026-12-21
407,3103,Snowboard Bindings - Pro,2027-01-01,Monthly,4,93.54,1.0,Growing,4,1.08,1.08,Business Growth Forecast (8% Monthly),30,,,system,2026-12-26
408,3103,Snowboard Bindings - Pro,2027-01-01,Weekly,1,91.27,1.0,Growing,4,1.08,1.08,Business Growth Forecast (8% Monthly),7,,,system,2026-12-15
409,3103,Snowboard Bindings - Pro,2027-01-08,Weekly,1,95.89,1.0,Growing,4,1.08,1.08,Business Growth Forecast (8% Monthly),7,,,system,2026-12-15
410,3103,Snowboard Bindings - Pro,2027-01-15,Weekly,1,89.72,1.0,Growing,4,1.08,1.08,Business Growth Forecast (8% Monthly),7,,,system,2026-12-20
411,3103,Snowboard Bindings - Pro,2027-01-22,Weekly,1,97.34,1.0,Growing,4,1.08,1.08,Business Growth Forecast (8% Monthly),7,,,system,2026-12-02
412,3103,Snowboard Bindings - Pro,2027-02-01,Monthly,9,93.54,1.0,Growing,8,1.08,1.166,Business Growth Forecast (8% Monthly),30,,,system,2026-12-11
413,3103,Snowboard Bindings - Pro,2027-03-01,Monthly,20,93.54,1.0,Growing,16,1.08,1.26,Business Growth Forecast (8% Monthly),30,,,system,2026-12-15
414,3104,Ski Tuning Bench - Portable,2027-01-01,Monthly,10,77.85,1.0,Growing,10,1.08,1.08,Business Growth Forecast (8% Monthly),30,,,system,2026-12-02
415,3104,Ski Tuning Bench - Portable,2027-01-01,Weekly,2,76.97,1.0,Growing,10,1.08,1.08,Business Growth Forecast (8% Monthly),7,,,system,2026-12-22
416,3104,Ski Tuning Bench - Portable,2027-01-08,Weekly,2,76.22,1.0,Growing,10,1.08,1.08,Business Growth Forecast (8% Monthly),7,,,system,2026-12-08
417,3104,Ski Tuning Bench - Portable,2027-01-15,Weekly,2,79.09,1.0,Growing,10,1.08,1.08,Business Growth Forecast (8% Monthly),7,,,system,2026-12-05
418,3104,Ski Tuning Bench - Portable,2027-01-22,Weekly,2,74.74,1.0,Growing,10,1.08,1.08,Business Growth Forecast (8% Monthly),7,,,system,2026-12-14
419,3104,Ski Tuning Bench - Portable,2027-02-01,Monthly,23,77.85,1.0,Growing,20,1.08,1.166,Business Growth Forecast (8% Monthly),30,,,system,2026-12-02
420,3104,Ski Tuning Bench - Portable,2027-03-01,Monthly,50,77.85,1.0,Growing,40,1.08,1.26,Business Growth Forecast (8% Monthly),30,,,system,2026-12-27
