PurchaseOrderItemID,PurchaseOrderID,PurchaseOrderNumber,ProductID,ProductName,ProductCategory,QuantityOrdered,QuantityReceived,UnitCost,LineTotal,Status,ExpectedDate,ReceivedDate,Notes,CreatedBy,CreatedDate
1,1,PO-2026-0001,1581,LED Headlamp - Rechargeable,Camping,2,1.0,48.56,97.12,Backordered,2026-03-29,2026-03-31,Supplier SKU: CON-1581,system,2026-03-19
2,2,PO-2026-0002,3011,Alpine Pro Racing Skis - 170cm,Ski,25,,910.08,22752.0,Shipped,2026-05-08,,Supplier SKU: FAB-3011,system,2026-04-21
3,2,PO-2026-0002,3053,Waterproof Ski Pants,Ski,106,,211.38,22406.28,Shipped,2026-05-08,,Supplier SKU: FAB-3053,system,2026-04-21
4,2,PO-2026-0002,3062,Anti-Fog Ski Goggles,Ski,29,,94.79,2748.91,Shipped,2026-05-08,,Supplier SKU: FAB-3062,system,2026-04-21
5,2,PO-2026-0002,3072,Hand Warmers - 10 Pack,Ski,236,,11.41,2692.76,Shipped,2026-05-08,,Supplier SKU: FAB-3072,system,2026-04-21
6,3,PO-2026-0003,3053,Waterproof Ski Pants,Ski,31,31.0,174.26,5402.06,Received,2026-04-14,2026-04-14,Supplier SKU: WOR-3053,system,2026-03-23
7,3,PO-2026-0003,3101,Winter Boots - Insulated,Ski,122,122.0,132.32,16143.04,Received,2026-04-14,2026-04-14,Supplier SKU: WOR-3101,system,2026-03-23
8,3,PO-2026-0003,2011,Coffee Maker,Kitchen,98,98.0,130.73,12811.54,Received,2026-04-14,2026-04-14,Supplier SKU: WOR-2011,system,2026-03-23
9,4,PO-2026-0004,3091,Freestyle Snowboard - 155cm,Ski,13,,456.94,5940.22,Pending,2026-05-08,,Supplier SKU: ALP-3091,system,2026-04-22
10,4,PO-2026-0004,3012,Mountain Master All-Terrain Skis - 165cm,Ski,142,,597.44,84836.48,Pending,2026-05-08,,Supplier SKU: ALP-3012,system,2026-04-22
11,5,PO-2026-0005,2011,Coffee Maker,Kitchen,25,22.0,118.56,2964.0,Backordered,2026-02-09,2026-02-09,Supplier SKU: PRO-2011,system,2026-01-30
12,5,PO-2026-0005,2121,Bamboo Cutting Board Set,Kitchen,5,5.0,30.0,150.0,Received,2026-02-09,2026-02-09,Supplier SKU: PRO-2121,system,2026-01-30
13,5,PO-2026-0005,2111,High-Speed Blender,Kitchen,3,3.0,123.0,369.0,Received,2026-02-09,2026-02-09,Supplier SKU: PRO-2111,system,2026-01-30
14,5,PO-2026-0005,2012,Espresso Machine,Kitchen,27,27.0,312.61,8440.47,Received,2026-02-09,2026-02-09,Supplier SKU: PRO-2012,system,2026-01-30
15,6,PO-2026-0006,2111,High-Speed Blender,Kitchen,89,89.0,162.2,14435.8,Received,2026-04-02,2026-04-04,Supplier SKU: WOR-2111,system,2026-03-12
16,6,PO-2026-0006,3053,Waterproof Ski Pants,Ski,38,38.0,174.26,6621.88,Received,2026-04-02,2026-04-04,Supplier SKU: WOR-3053,system,2026-03-12
17,6,PO-2026-0006,3012,Mountain Master All-Terrain Skis - 165cm,Ski,29,21.0,676.38,19615.02,Backordered,2026-04-02,2026-04-04,Supplier SKU: WOR-3012,system,2026-03-12
18,7,PO-2026-0007,3103,Snowboard Bindings - Pro,Ski,25,25.0,180.33,4508.25,Received,2026-02-28,2026-03-02,Supplier SKU: ALP-3103,system,2026-02-17
19,7,PO-2026-0007,3061,Professional Ski Helmet,Ski,21,21.0,151.7,3185.7,Received,2026-02-28,2026-03-02,Supplier SKU: ALP-3061,system,2026-02-17
20,8,PO-2026-0008,1541,TrekReady Hiking Boots,Camping,1,,137.75,137.75,Shipped,2026-04-30,,Supplier SKU: WOR-1541,system,2026-04-11
21,8,PO-2026-0008,3053,Waterproof Ski Pants,Ski,85,,174.26,14812.1,Shipped,2026-04-30,,Supplier SKU: WOR-3053,system,2026-04-11
22,8,PO-2026-0008,2121,Bamboo Cutting Board Set,Kitchen,210,,33.23,6978.3,Shipped,2026-04-30,,Supplier SKU: WOR-2121,system,2026-04-11
23,8,PO-2026-0008,3012,Mountain Master All-Terrain Skis - 165cm,Ski,89,,676.38,60197.82,Shipped,2026-04-30,,Supplier SKU: WOR-3012,system,2026-04-11
24,8,PO-2026-0008,2011,Coffee Maker,Kitchen,36,,130.73,4706.28,Shipped,2026-04-30,,Supplier SKU: WOR-2011,system,2026-04-11
25,9,PO-2026-0009,1552,TrekMaster Camping Chair,Camping,13,13.0,58.45,759.85,Received,2026-03-27,2026-03-27,Supplier SKU: CON-1552,system,2026-03-12
26,10,PO-2026-0010,3072,Hand Warmers - 10 Pack,Ski,151,,11.41,1722.91,Shipped,2026-03-25,,Supplier SKU: FAB-3072,system,2026-03-07
27,10,PO-2026-0010,3011,Alpine Pro Racing Skis - 170cm,Ski,19,,910.08,17291.52,Shipped,2026-03-25,,Supplier SKU: FAB-3011,system,2026-03-07
28,10,PO-2026-0010,3012,Mountain Master All-Terrain Skis - 165cm,Ski,5,,703.52,3517.6,Shipped,2026-03-25,,Supplier SKU: FAB-3012,system,2026-03-07
29,10,PO-2026-0010,3102,Winter Hiking Boots - Waterproof,Ski,1,,194.91,194.91,Shipped,2026-03-25,,Supplier SKU: FAB-3102,system,2026-03-07
30,10,PO-2026-0010,3053,Waterproof Ski Pants,Ski,98,,211.38,20715.24,Shipped,2026-03-25,,Supplier SKU: FAB-3053,system,2026-03-07
31,11,PO-2026-0011,2101,Measuring Cup Set,Kitchen,48,48.0,13.5,648.0,Received,2026-04-04,2026-04-05,Supplier SKU: PRO-2101,system,2026-03-26
32,11,PO-2026-0011,2112,4-Slice Toaster,Kitchen,16,16.0,66.6,1065.6,Received,2026-04-04,2026-04-05,Supplier SKU: PRO-2112,system,2026-03-26
33,11,PO-2026-0011,2121,Bamboo Cutting Board Set,Kitchen,14,14.0,30.0,420.0,Received,2026-04-04,2026-04-05,Supplier SKU: PRO-2121,system,2026-03-26
34,11,PO-2026-0011,2051,Ice Cream Bowl,Kitchen,96,96.0,16.44,1578.24,Received,2026-04-04,2026-04-05,Supplier SKU: PRO-2051,system,2026-03-26
35,11,PO-2026-0011,2111,High-Speed Blender,Kitchen,4,4.0,123.0,492.0,Received,2026-04-04,2026-04-05,Supplier SKU: PRO-2111,system,2026-03-26
36,12,PO-2026-0012,2121,Bamboo Cutting Board Set,Kitchen,9,9.0,30.0,270.0,Received,2026-04-27,2026-04-27,Supplier SKU: PRO-2121,system,2026-04-12
37,12,PO-2026-0012,2021,Chef Knife,Kitchen,42,42.0,71.31,2995.02,Received,2026-04-27,2026-04-27,Supplier SKU: PRO-2021,system,2026-04-12
38,12,PO-2026-0012,2041,Serving Platter,Kitchen,63,63.0,44.39,2796.57,Received,2026-04-27,2026-04-27,Supplier SKU: PRO-2041,system,2026-04-12
39,12,PO-2026-0012,2091,Spatula,Kitchen,1,0.0,7.98,7.98,Backordered,2026-04-27,2026-04-27,Supplier SKU: PRO-2091,system,2026-04-12
40,12,PO-2026-0012,2081,Food Storage Set,Kitchen,11,11.0,25.3,278.3,Received,2026-04-27,2026-04-27,Supplier SKU: PRO-2081,system,2026-04-12
41,13,PO-2026-0013,3031,Pro Flex Racing Ski Boots,Ski,2,2.0,419.97,839.94,Received,2026-02-20,2026-02-22,Supplier SKU: ALP-3031,system,2026-02-07
42,13,PO-2026-0013,3103,Snowboard Bindings - Pro,Ski,9,8.0,180.33,1622.97,Backordered,2026-02-20,2026-02-22,Supplier SKU: ALP-3103,system,2026-02-07
43,13,PO-2026-0013,3033,Women's Performance Ski Boots,Ski,20,20.0,419.49,8389.8,Received,2026-02-20,2026-02-22,Supplier SKU: ALP-3033,system,2026-02-07
44,13,PO-2026-0013,3072,Hand Warmers - 10 Pack,Ski,48,48.0,9.99,479.52,Received,2026-02-20,2026-02-22,Supplier SKU: ALP-3072,system,2026-02-07
45,13,PO-2026-0013,3071,Ski Boot Bag - Premium,Ski,46,46.0,39.17,1801.82,Received,2026-02-20,2026-02-22,Supplier SKU: ALP-3071,system,2026-02-07
46,14,PO-2026-0014,3101,Winter Boots - Insulated,Ski,105,105.0,132.32,13893.6,Received,2026-04-05,2026-04-07,Supplier SKU: WOR-3101,system,2026-03-16
47,14,PO-2026-0014,3053,Waterproof Ski Pants,Ski,108,108.0,174.26,18820.08,Received,2026-04-05,2026-04-07,Supplier SKU: WOR-3053,system,2026-03-16
48,14,PO-2026-0014,1541,TrekReady Hiking Boots,Camping,1,0.0,137.75,137.75,Backordered,2026-04-05,2026-04-07,Supplier SKU: WOR-1541,system,2026-03-16
49,15,PO-2026-0015,3021,Nordic Classic XC Skis - 185cm,Ski,44,44.0,278.45,12251.8,Received,2026-03-22,2026-03-25,Supplier SKU: FAB-3021,system,2026-03-05
50,15,PO-2026-0015,3012,Mountain Master All-Terrain Skis - 165cm,Ski,5,5.0,703.52,3517.6,Received,2026-03-22,2026-03-25,Supplier SKU: FAB-3012,system,2026-03-05
51,15,PO-2026-0015,3011,Alpine Pro Racing Skis - 170cm,Ski,28,20.0,910.08,25482.24,Backordered,2026-03-22,2026-03-25,Supplier SKU: FAB-3011,system,2026-03-05
52,15,PO-2026-0015,3053,Waterproof Ski Pants,Ski,107,107.0,211.38,22617.66,Received,2026-03-22,2026-03-25,Supplier SKU: FAB-3053,system,2026-03-05
53,16,PO-2026-0016,2031,Coffee Mug,Kitchen,19,19.0,23.04,437.76,Received,2026-04-12,2026-04-12,Supplier SKU: PRO-2031,system,2026-03-30
54,16,PO-2026-0016,2111,High-Speed Blender,Kitchen,2,2.0,123.0,246.0,Received,2026-04-12,2026-04-12,Supplier SKU: PRO-2111,system,2026-03-30
55,17,PO-2026-0017,3101,Winter Boots - Insulated,Ski,92,,132.32,12173.44,Pending,2026-05-10,,Supplier SKU: WOR-3101,system,2026-04-18
56,17,PO-2026-0017,3053,Waterproof Ski Pants,Ski,40,,174.26,6970.4,Pending,2026-05-10,,Supplier SKU: WOR-3053,system,2026-04-18
57,17,PO-2026-0017,3012,Mountain Master All-Terrain Skis - 165cm,Ski,55,,676.38,37200.9,Pending,2026-05-10,,Supplier SKU: WOR-3012,system,2026-04-18
58,17,PO-2026-0017,1511,Alpine Explorer Tent,Camping,39,,360.55,14061.45,Pending,2026-05-10,,Supplier SKU: WOR-1511,system,2026-04-18
59,17,PO-2026-0017,2111,High-Speed Blender,Kitchen,66,,162.2,10705.2,Pending,2026-05-10,,Supplier SKU: WOR-2111,system,2026-04-18
60,18,PO-2026-0018,3011,Alpine Pro Racing Skis - 170cm,Ski,34,34.0,910.08,30942.72,Received,2026-03-24,2026-03-25,Supplier SKU: FAB-3011,system,2026-03-10
61,18,PO-2026-0018,3072,Hand Warmers - 10 Pack,Ski,239,239.0,11.41,2726.99,Received,2026-03-24,2026-03-25,Supplier SKU: FAB-3072,system,2026-03-10
62,18,PO-2026-0018,3053,Waterproof Ski Pants,Ski,145,123.0,211.38,30650.1,Backordered,2026-03-24,2026-03-25,Supplier SKU: FAB-3053,system,2026-03-10
63,18,PO-2026-0018,3012,Mountain Master All-Terrain Skis - 165cm,Ski,4,4.0,703.52,2814.08,Received,2026-03-24,2026-03-25,Supplier SKU: FAB-3012,system,2026-03-10
64,19,PO-2026-0019,3081,All-Temp Ski Wax Kit,Ski,4,4.0,58.16,232.64,Received,2026-02-14,2026-02-14,Supplier SKU: ALP-3081,system,2026-02-02
65,19,PO-2026-0019,3032,Comfort Fit Recreational Boots,Ski,20,20.0,240.85,4817.0,Received,2026-02-14,2026-02-14,Supplier SKU: ALP-3032,system,2026-02-02
66,20,PO-2026-0020,3092,All-Mountain Snowboard - 158cm,Ski,17,17.0,540.11,9181.87,Received,2026-04-01,2026-04-04,Supplier SKU: ALP-3092,system,2026-03-20
67,20,PO-2026-0020,3032,Comfort Fit Recreational Boots,Ski,41,41.0,240.85,9874.85,Received,2026-04-01,2026-04-04,Supplier SKU: ALP-3032,system,2026-03-20
68,21,PO-2026-0021,1561,EcoFire Camping Stove,Camping,105,105.0,82.06,8616.3,Received,2026-03-13,2026-03-14,Supplier SKU: CON-1561,system,2026-03-02
69,21,PO-2026-0021,1563,CompactCook Camping Stove,Camping,1,1.0,70.33,70.33,Received,2026-03-13,2026-03-14,Supplier SKU: CON-1563,system,2026-03-02
70,21,PO-2026-0021,1562,PowerBurner Camping Stove,Camping,62,62.0,121.04,7504.48,Received,2026-03-13,2026-03-14,Supplier SKU: CON-1562,system,2026-03-02
71,22,PO-2026-0022,3012,Mountain Master All-Terrain Skis - 165cm,Ski,139,139.0,597.44,83044.16,Received,2026-04-04,2026-04-07,Supplier SKU: ALP-3012,system,2026-03-19
72,22,PO-2026-0022,3081,All-Temp Ski Wax Kit,Ski,5,5.0,58.16,290.8,Received,2026-04-04,2026-04-07,Supplier SKU: ALP-3081,system,2026-03-19
73,22,PO-2026-0022,3042,Aluminum All-Mountain Poles - 115cm,Ski,2,2.0,62.54,125.08,Received,2026-04-04,2026-04-07,Supplier SKU: ALP-3042,system,2026-03-19
74,23,PO-2026-0023,2091,Spatula,Kitchen,4,4.0,7.98,31.92,Received,2026-04-24,2026-04-27,Supplier SKU: PRO-2091,system,2026-04-13
75,23,PO-2026-0023,2051,Ice Cream Bowl,Kitchen,129,129.0,16.44,2120.76,Received,2026-04-24,2026-04-27,Supplier SKU: PRO-2051,system,2026-04-13
76,23,PO-2026-0023,2061,Mixing Bowl,Kitchen,41,41.0,25.72,1054.52,Received,2026-04-24,2026-04-27,Supplier SKU: PRO-2061,system,2026-04-13
77,24,PO-2026-0024,3102,Winter Hiking Boots - Waterproof,Ski,3,3.0,194.91,584.73,Received,2026-04-06,2026-04-08,Supplier SKU: FAB-3102,system,2026-03-24
78,25,PO-2026-0025,3092,All-Mountain Snowboard - 158cm,Ski,8,8.0,540.11,4320.88,Received,2026-04-09,2026-04-09,Supplier SKU: ALP-3092,system,2026-03-30
79,25,PO-2026-0025,3031,Pro Flex Racing Ski Boots,Ski,3,3.0,419.97,1259.91,Received,2026-04-09,2026-04-09,Supplier SKU: ALP-3031,system,2026-03-30
80,25,PO-2026-0025,3012,Mountain Master All-Terrain Skis - 165cm,Ski,95,68.0,597.44,56756.8,Backordered,2026-04-09,2026-04-09,Supplier SKU: ALP-3012,system,2026-03-30
81,25,PO-2026-0025,3032,Comfort Fit Recreational Boots,Ski,24,17.0,240.85,5780.4,Backordered,2026-04-09,2026-04-09,Supplier SKU: ALP-3032,system,2026-03-30
82,26,PO-2026-0026,3072,Hand Warmers - 10 Pack,Ski,114,,11.41,1300.74,Shipped,2026-05-08,,Supplier SKU: FAB-3072,system,2026-04-25
83,26,PO-2026-0026,3011,Alpine Pro Racing Skis - 170cm,Ski,46,,910.08,41863.68,Shipped,2026-05-08,,Supplier SKU: FAB-3011,system,2026-04-25
84,27,PO-2026-0027,3061,Professional Ski Helmet,Ski,8,6.0,151.7,1213.6,Backordered,2026-03-01,2026-03-08,Supplier SKU: ALP-3061,system,2026-02-15
85,27,PO-2026-0027,3031,Pro Flex Racing Ski Boots,Ski,3,3.0,419.97,1259.91,Received,2026-03-01,2026-03-08,Supplier SKU: ALP-3031,system,2026-02-15
86,27,PO-2026-0027,3051,Insulated Ski Jacket - Men's,Ski,141,127.0,226.49,31935.09,Backordered,2026-03-01,2026-03-08,Supplier SKU: ALP-3051,system,2026-02-15
87,27,PO-2026-0027,3021,Nordic Classic XC Skis - 185cm,Ski,34,34.0,262.32,8918.88,Received,2026-03-01,2026-03-08,Supplier SKU: ALP-3021,system,2026-02-15
88,27,PO-2026-0027,3013,Beginner's Choice Alpine Skis - 160cm,Ski,114,114.0,344.68,39293.52,Received,2026-03-01,2026-03-08,Supplier SKU: ALP-3013,system,2026-02-15
89,28,PO-2026-0028,1541,TrekReady Hiking Boots,Camping,25,25.0,127.43,3185.75,Received,2026-03-23,2026-03-26,Supplier SKU: CON-1541,system,2026-03-10
90,28,PO-2026-0028,1561,EcoFire Camping Stove,Camping,47,32.0,82.06,3856.82,Backordered,2026-03-23,2026-03-26,Supplier SKU: CON-1561,system,2026-03-10
91,28,PO-2026-0028,1572,MountainDream Sleeping Bag,Camping,2,2.0,222.59,445.18,Received,2026-03-23,2026-03-26,Supplier SKU: CON-1572,system,2026-03-10
92,28,PO-2026-0028,1542,TrailWalker Hiking Shoes,Camping,2,2.0,90.83,181.66,Received,2026-03-23,2026-03-26,Supplier SKU: CON-1542,system,2026-03-10
93,29,PO-2026-0029,3102,Winter Hiking Boots - Waterproof,Ski,3,2.0,194.91,584.73,Backordered,2026-02-23,2026-02-23,Supplier SKU: FAB-3102,system,2026-02-10
94,29,PO-2026-0029,3012,Mountain Master All-Terrain Skis - 165cm,Ski,2,2.0,703.52,1407.04,Received,2026-02-23,2026-02-23,Supplier SKU: FAB-3012,system,2026-02-10
95,29,PO-2026-0029,3072,Hand Warmers - 10 Pack,Ski,199,199.0,11.41,2270.59,Received,2026-02-23,2026-02-23,Supplier SKU: FAB-3072,system,2026-02-10
96,29,PO-2026-0029,3062,Anti-Fog Ski Goggles,Ski,15,15.0,94.79,1421.85,Received,2026-02-23,2026-02-23,Supplier SKU: FAB-3062,system,2026-02-10
97,30,PO-2026-0030,3103,Snowboard Bindings - Pro,Ski,13,13.0,180.33,2344.29,Received,2026-04-05,2026-04-08,Supplier SKU: ALP-3103,system,2026-03-23
98,30,PO-2026-0030,3022,Backcountry Explorer XC Skis - 190cm,Ski,9,9.0,352.53,3172.77,Received,2026-04-05,2026-04-08,Supplier SKU: ALP-3022,system,2026-03-23
99,30,PO-2026-0030,3033,Women's Performance Ski Boots,Ski,18,18.0,419.49,7550.82,Received,2026-04-05,2026-04-08,Supplier SKU: ALP-3033,system,2026-03-23
100,31,PO-2026-0031,2111,High-Speed Blender,Kitchen,108,108.0,162.2,17517.6,Received,2026-04-24,2026-04-24,Supplier SKU: WOR-2111,system,2026-04-02
101,31,PO-2026-0031,3101,Winter Boots - Insulated,Ski,123,123.0,132.32,16275.36,Received,2026-04-24,2026-04-24,Supplier SKU: WOR-3101,system,2026-04-02
102,32,PO-2026-0032,3012,Mountain Master All-Terrain Skis - 165cm,Ski,1,1.0,703.52,703.52,Received,2026-03-06,2026-03-06,Supplier SKU: FAB-3012,system,2026-02-21
103,32,PO-2026-0032,3053,Waterproof Ski Pants,Ski,177,177.0,211.38,37414.26,Received,2026-03-06,2026-03-06,Supplier SKU: FAB-3053,system,2026-02-21
104,33,PO-2026-0033,3072,Hand Warmers - 10 Pack,Ski,189,,11.41,2156.49,Shipped,2026-05-13,,Supplier SKU: FAB-3072,system,2026-04-28
105,33,PO-2026-0033,3053,Waterproof Ski Pants,Ski,90,,211.38,19024.2,Shipped,2026-05-13,,Supplier SKU: FAB-3053,system,2026-04-28
106,34,PO-2026-0034,2112,4-Slice Toaster,Kitchen,12,12.0,66.6,799.2,Received,2026-03-02,2026-03-03,Supplier SKU: PRO-2112,system,2026-02-18
107,34,PO-2026-0034,2091,Spatula,Kitchen,5,5.0,7.98,39.9,Received,2026-03-02,2026-03-03,Supplier SKU: PRO-2091,system,2026-02-18
108,34,PO-2026-0034,2061,Mixing Bowl,Kitchen,46,46.0,25.72,1183.12,Received,2026-03-02,2026-03-03,Supplier SKU: PRO-2061,system,2026-02-18
109,35,PO-2026-0035,2121,Bamboo Cutting Board Set,Kitchen,167,167.0,33.23,5549.41,Received,2026-03-30,2026-03-30,Supplier SKU: WOR-2121,system,2026-03-04
110,35,PO-2026-0035,3012,Mountain Master All-Terrain Skis - 165cm,Ski,52,52.0,676.38,35171.76,Received,2026-03-30,2026-03-30,Supplier SKU: WOR-3012,system,2026-03-04
111,35,PO-2026-0035,3053,Waterproof Ski Pants,Ski,86,86.0,174.26,14986.36,Received,2026-03-30,2026-03-30,Supplier SKU: WOR-3053,system,2026-03-04
112,35,PO-2026-0035,2011,Coffee Maker,Kitchen,57,57.0,130.73,7451.61,Received,2026-03-30,2026-03-30,Supplier SKU: WOR-2011,system,2026-03-04
113,35,PO-2026-0035,2111,High-Speed Blender,Kitchen,94,94.0,162.2,15246.8,Received,2026-03-30,2026-03-30,Supplier SKU: WOR-2111,system,2026-03-04
114,36,PO-2026-0036,2091,Spatula,Kitchen,1,,7.98,7.98,Pending,2026-05-07,,Supplier SKU: PRO-2091,system,2026-04-22
115,37,PO-2026-0037,3104,Ski Tuning Bench - Portable,Ski,2,2.0,118.89,237.78,Received,2026-04-25,2026-04-27,Supplier SKU: ALP-3104,system,2026-04-13
116,38,PO-2026-0038,3072,Hand Warmers - 10 Pack,Ski,66,66.0,11.41,753.06,Received,2026-03-20,2026-03-21,Supplier SKU: FAB-3072,system,2026-03-07
117,39,PO-2026-0039,2012,Espresso Machine,Kitchen,29,29.0,312.61,9065.69,Received,2026-03-29,2026-04-01,Supplier SKU: PRO-2012,system,2026-03-16
118,39,PO-2026-0039,2081,Food Storage Set,Kitchen,11,8.0,25.3,278.3,Backordered,2026-03-29,2026-04-01,Supplier SKU: PRO-2081,system,2026-03-16
119,39,PO-2026-0039,2051,Ice Cream Bowl,Kitchen,176,176.0,16.44,2893.44,Received,2026-03-29,2026-04-01,Supplier SKU: PRO-2051,system,2026-03-16
120,40,PO-2026-0040,1541,TrekReady Hiking Boots,Camping,11,,127.43,1401.73,Pending,2026-05-09,,Supplier SKU: CON-1541,system,2026-04-25
121,41,PO-2026-0041,3072,Hand Warmers - 10 Pack,Ski,151,,11.41,1722.91,Pending,2026-05-05,,Supplier SKU: FAB-3072,system,2026-04-20
122,41,PO-2026-0041,3021,Nordic Classic XC Skis - 185cm,Ski,58,,278.45,16150.1,Pending,2026-05-05,,Supplier SKU: FAB-3021,system,2026-04-20
123,42,PO-2026-0042,3072,Hand Warmers - 10 Pack,Ski,54,54.0,11.41,616.14,Received,2026-04-10,2026-04-13,Supplier SKU: FAB-3072,system,2026-03-26
124,42,PO-2026-0042,3021,Nordic Classic XC Skis - 185cm,Ski,38,38.0,278.45,10581.1,Received,2026-04-10,2026-04-13,Supplier SKU: FAB-3021,system,2026-03-26
125,42,PO-2026-0042,3053,Waterproof Ski Pants,Ski,60,60.0,211.38,12682.8,Received,2026-04-10,2026-04-13,Supplier SKU: FAB-3053,system,2026-03-26
126,43,PO-2026-0043,2112,4-Slice Toaster,Kitchen,17,17.0,66.6,1132.2,Received,2026-03-16,2026-03-16,Supplier SKU: PRO-2112,system,2026-03-05
127,44,PO-2026-0044,3072,Hand Warmers - 10 Pack,Ski,57,57.0,11.41,650.37,Received,2026-03-20,2026-03-22,Supplier SKU: FAB-3072,system,2026-03-05
128,45,PO-2026-0045,2022,Fork Set,Kitchen,22,18.0,36.37,800.14,Backordered,2026-03-08,2026-03-08,Supplier SKU: PRO-2022,system,2026-02-24
129,45,PO-2026-0045,2112,4-Slice Toaster,Kitchen,11,10.0,66.6,732.6,Backordered,2026-03-08,2026-03-08,Supplier SKU: PRO-2112,system,2026-02-24
130,46,PO-2026-0046,2021,Chef Knife,Kitchen,40,40.0,71.31,2852.4,Received,2026-02-17,2026-02-19,Supplier SKU: PRO-2021,system,2026-02-06
131,46,PO-2026-0046,2071,Baking Pan,Kitchen,25,25.0,21.94,548.5,Received,2026-02-17,2026-02-19,Supplier SKU: PRO-2071,system,2026-02-06
132,46,PO-2026-0046,2051,Ice Cream Bowl,Kitchen,156,156.0,16.44,2564.64,Received,2026-02-17,2026-02-19,Supplier SKU: PRO-2051,system,2026-02-06
133,46,PO-2026-0046,2041,Serving Platter,Kitchen,76,76.0,44.39,3373.64,Received,2026-02-17,2026-02-19,Supplier SKU: PRO-2041,system,2026-02-06
134,46,PO-2026-0046,2031,Coffee Mug,Kitchen,21,21.0,23.04,483.84,Received,2026-02-17,2026-02-19,Supplier SKU: PRO-2031,system,2026-02-06
135,47,PO-2026-0047,1533,RainGuard Hiking Jacket,Camping,16,16.0,107.2,1715.2,Received,2026-03-17,2026-03-20,Supplier SKU: CON-1533,system,2026-03-02
136,48,PO-2026-0048,2061,Mixing Bowl,Kitchen,50,50.0,25.72,1286.0,Received,2026-03-29,2026-04-01,Supplier SKU: PRO-2061,system,2026-03-14
137,48,PO-2026-0048,2011,Coffee Maker,Kitchen,8,8.0,118.56,948.48,Received,2026-03-29,2026-04-01,Supplier SKU: PRO-2011,system,2026-03-14
138,48,PO-2026-0048,2081,Food Storage Set,Kitchen,9,9.0,25.3,227.7,Received,2026-03-29,2026-04-01,Supplier SKU: PRO-2081,system,2026-03-14
139,48,PO-2026-0048,2111,High-Speed Blender,Kitchen,3,3.0,123.0,369.0,Received,2026-03-29,2026-04-01,Supplier SKU: PRO-2111,system,2026-03-14
140,48,PO-2026-0048,2022,Fork Set,Kitchen,17,17.0,36.37,618.29,Received,2026-03-29,2026-04-01,Supplier SKU: PRO-2022,system,2026-03-14
141,49,PO-2026-0049,3102,Winter Hiking Boots - Waterproof,Ski,2,2.0,194.91,389.82,Received,2026-04-05,2026-04-08,Supplier SKU: FAB-3102,system,2026-03-23
142,49,PO-2026-0049,3053,Waterproof Ski Pants,Ski,206,206.0,211.38,43544.28,Received,2026-04-05,2026-04-08,Supplier SKU: FAB-3053,system,2026-03-23
143,49,PO-2026-0049,3012,Mountain Master All-Terrain Skis - 165cm,Ski,5,5.0,703.52,3517.6,Received,2026-04-05,2026-04-08,Supplier SKU: FAB-3012,system,2026-03-23
144,50,PO-2026-0050,3053,Waterproof Ski Pants,Ski,118,118.0,211.38,24942.84,Received,2026-02-28,2026-02-28,Supplier SKU: FAB-3053,system,2026-02-16
145,50,PO-2026-0050,3012,Mountain Master All-Terrain Skis - 165cm,Ski,4,4.0,703.52,2814.08,Received,2026-02-28,2026-02-28,Supplier SKU: FAB-3012,system,2026-02-16
146,50,PO-2026-0050,3062,Anti-Fog Ski Goggles,Ski,40,29.0,94.79,3791.6,Backordered,2026-02-28,2026-02-28,Supplier SKU: FAB-3062,system,2026-02-16
147,51,PO-2026-0051,2061,Mixing Bowl,Kitchen,20,19.0,25.72,514.4,Backordered,2026-03-25,2026-03-31,Supplier SKU: PRO-2061,system,2026-03-14
148,51,PO-2026-0051,2022,Fork Set,Kitchen,22,15.0,36.37,800.14,Backordered,2026-03-25,2026-03-31,Supplier SKU: PRO-2022,system,2026-03-14
149,51,PO-2026-0051,2031,Coffee Mug,Kitchen,13,13.0,23.04,299.52,Received,2026-03-25,2026-03-31,Supplier SKU: PRO-2031,system,2026-03-14
150,51,PO-2026-0051,2051,Ice Cream Bowl,Kitchen,165,165.0,16.44,2712.6,Received,2026-03-25,2026-03-31,Supplier SKU: PRO-2051,system,2026-03-14
151,52,PO-2026-0052,2091,Spatula,Kitchen,3,,7.98,23.94,Shipped,2026-05-05,,Supplier SKU: PRO-2091,system,2026-04-23
152,52,PO-2026-0052,2112,4-Slice Toaster,Kitchen,15,,66.6,999.0,Shipped,2026-05-05,,Supplier SKU: PRO-2112,system,2026-04-23
153,52,PO-2026-0052,2051,Ice Cream Bowl,Kitchen,241,,16.44,3962.04,Shipped,2026-05-05,,Supplier SKU: PRO-2051,system,2026-04-23
154,52,PO-2026-0052,2071,Baking Pan,Kitchen,24,,21.94,526.56,Shipped,2026-05-05,,Supplier SKU: PRO-2071,system,2026-04-23
155,52,PO-2026-0052,2111,High-Speed Blender,Kitchen,3,,123.0,369.0,Shipped,2026-05-05,,Supplier SKU: PRO-2111,system,2026-04-23
156,53,PO-2026-0053,2091,Spatula,Kitchen,5,5.0,7.98,39.9,Received,2026-02-11,2026-02-12,Supplier SKU: PRO-2091,system,2026-01-31
157,53,PO-2026-0053,2031,Coffee Mug,Kitchen,6,6.0,23.04,138.24,Received,2026-02-11,2026-02-12,Supplier SKU: PRO-2031,system,2026-01-31
158,54,PO-2026-0054,2011,Coffee Maker,Kitchen,54,54.0,130.73,7059.42,Received,2026-03-23,2026-03-24,Supplier SKU: WOR-2011,system,2026-02-28
159,54,PO-2026-0054,1511,Alpine Explorer Tent,Camping,13,13.0,360.55,4687.15,Received,2026-03-23,2026-03-24,Supplier SKU: WOR-1511,system,2026-02-28
160,54,PO-2026-0054,2121,Bamboo Cutting Board Set,Kitchen,179,179.0,33.23,5948.17,Received,2026-03-23,2026-03-24,Supplier SKU: WOR-2121,system,2026-02-28
161,54,PO-2026-0054,3101,Winter Boots - Insulated,Ski,61,61.0,132.32,8071.52,Received,2026-03-23,2026-03-24,Supplier SKU: WOR-3101,system,2026-02-28
162,54,PO-2026-0054,2111,High-Speed Blender,Kitchen,36,36.0,162.2,5839.2,Received,2026-03-23,2026-03-24,Supplier SKU: WOR-2111,system,2026-02-28
163,55,PO-2026-0055,2031,Coffee Mug,Kitchen,9,9.0,23.04,207.36,Received,2026-04-04,2026-04-04,Supplier SKU: PRO-2031,system,2026-03-25
164,56,PO-2026-0056,3103,Snowboard Bindings - Pro,Ski,13,13.0,180.33,2344.29,Received,2026-02-18,2026-02-20,Supplier SKU: ALP-3103,system,2026-02-08
165,57,PO-2026-0057,3053,Waterproof Ski Pants,Ski,14,14.0,154.8,2167.2,Received,2026-03-26,2026-03-28,Supplier SKU: ALP-3053,system,2026-03-10
166,57,PO-2026-0057,3102,Winter Hiking Boots - Waterproof,Ski,164,164.0,151.35,24821.4,Received,2026-03-26,2026-03-28,Supplier SKU: ALP-3102,system,2026-03-10
167,57,PO-2026-0057,3082,Edge Tuning Tool Set,Ski,92,92.0,84.82,7803.44,Received,2026-03-26,2026-03-28,Supplier SKU: ALP-3082,system,2026-03-10
168,58,PO-2026-0058,2091,Spatula,Kitchen,3,3.0,7.98,23.94,Received,2026-04-13,2026-04-15,Supplier SKU: PRO-2091,system,2026-03-31
169,58,PO-2026-0058,2051,Ice Cream Bowl,Kitchen,166,166.0,16.44,2729.04,Received,2026-04-13,2026-04-15,Supplier SKU: PRO-2051,system,2026-03-31
170,58,PO-2026-0058,2101,Measuring Cup Set,Kitchen,47,47.0,13.5,634.5,Received,2026-04-13,2026-04-15,Supplier SKU: PRO-2101,system,2026-03-31
171,59,PO-2026-0059,1511,Alpine Explorer Tent,Camping,32,32.0,360.55,11537.6,Received,2026-03-10,2026-03-12,Supplier SKU: WOR-1511,system,2026-02-13
172,59,PO-2026-0059,3012,Mountain Master All-Terrain Skis - 165cm,Ski,109,109.0,676.38,73725.42,Received,2026-03-10,2026-03-12,Supplier SKU: WOR-3012,system,2026-02-13
173,59,PO-2026-0059,2121,Bamboo Cutting Board Set,Kitchen,211,148.0,33.23,7011.53,Backordered,2026-03-10,2026-03-12,Supplier SKU: WOR-2121,system,2026-02-13
174,60,PO-2026-0060,1523,TrailLite Daypack,Camping,16,16.0,54.46,871.36,Received,2026-03-22,2026-03-22,Supplier SKU: CON-1523,system,2026-03-08
175,60,PO-2026-0060,1562,PowerBurner Camping Stove,Camping,32,32.0,121.04,3873.28,Received,2026-03-22,2026-03-22,Supplier SKU: CON-1562,system,2026-03-08
176,61,PO-2026-0061,1532,TrailBlaze Hiking Pants,Camping,20,20.0,67.64,1352.8,Received,2026-04-23,2026-04-26,Supplier SKU: CON-1532,system,2026-04-10
177,61,PO-2026-0061,1551,BaseCamp Folding Table,Camping,99,99.0,67.04,6636.96,Received,2026-04-23,2026-04-26,Supplier SKU: CON-1551,system,2026-04-10
178,61,PO-2026-0061,1552,TrekMaster Camping Chair,Camping,22,22.0,58.45,1285.9,Received,2026-04-23,2026-04-26,Supplier SKU: CON-1552,system,2026-04-10
179,61,PO-2026-0061,1523,TrailLite Daypack,Camping,42,42.0,54.46,2287.32,Received,2026-04-23,2026-04-26,Supplier SKU: CON-1523,system,2026-04-10
180,62,PO-2026-0062,2012,Espresso Machine,Kitchen,34,34.0,312.61,10628.74,Received,2026-04-04,2026-04-06,Supplier SKU: PRO-2012,system,2026-03-24
181,62,PO-2026-0062,2071,Baking Pan,Kitchen,19,19.0,21.94,416.86,Received,2026-04-04,2026-04-06,Supplier SKU: PRO-2071,system,2026-03-24
182,62,PO-2026-0062,2022,Fork Set,Kitchen,11,11.0,36.37,400.07,Received,2026-04-04,2026-04-06,Supplier SKU: PRO-2022,system,2026-03-24
183,62,PO-2026-0062,2041,Serving Platter,Kitchen,90,90.0,44.39,3995.1,Received,2026-04-04,2026-04-06,Supplier SKU: PRO-2041,system,2026-03-24
184,62,PO-2026-0062,2112,4-Slice Toaster,Kitchen,21,21.0,66.6,1398.6,Received,2026-04-04,2026-04-06,Supplier SKU: PRO-2112,system,2026-03-24
185,63,PO-2026-0063,1541,TrekReady Hiking Boots,Camping,10,10.0,127.43,1274.3,Received,2026-02-21,2026-02-24,Supplier SKU: CON-1541,system,2026-02-06
186,63,PO-2026-0063,1581,LED Headlamp - Rechargeable,Camping,4,4.0,48.56,194.24,Received,2026-02-21,2026-02-24,Supplier SKU: CON-1581,system,2026-02-06
187,63,PO-2026-0063,1512,SkyView 2-Person Tent,Camping,116,116.0,219.21,25428.36,Received,2026-02-21,2026-02-24,Supplier SKU: CON-1512,system,2026-02-06
188,64,PO-2026-0064,1521,Adventurer Pro Backpack,Camping,17,17.0,122.8,2087.6,Received,2026-03-10,2026-03-12,Supplier SKU: CON-1521,system,2026-02-23
189,64,PO-2026-0064,1551,BaseCamp Folding Table,Camping,234,234.0,67.04,15687.36,Received,2026-03-10,2026-03-12,Supplier SKU: CON-1551,system,2026-02-23
190,65,PO-2026-0065,1521,Adventurer Pro Backpack,Camping,17,17.0,122.8,2087.6,Received,2026-03-21,2026-03-22,Supplier SKU: CON-1521,system,2026-03-07
191,65,PO-2026-0065,1533,RainGuard Hiking Jacket,Camping,20,20.0,107.2,2144.0,Received,2026-03-21,2026-03-22,Supplier SKU: CON-1533,system,2026-03-07
192,65,PO-2026-0065,1541,TrekReady Hiking Boots,Camping,17,17.0,127.43,2166.31,Received,2026-03-21,2026-03-22,Supplier SKU: CON-1541,system,2026-03-07
193,65,PO-2026-0065,1551,BaseCamp Folding Table,Camping,138,138.0,67.04,9251.52,Received,2026-03-21,2026-03-22,Supplier SKU: CON-1551,system,2026-03-07
194,65,PO-2026-0065,1511,Alpine Explorer Tent,Camping,43,43.0,283.37,12184.91,Received,2026-03-21,2026-03-22,Supplier SKU: CON-1511,system,2026-03-07
195,66,PO-2026-0066,3012,Mountain Master All-Terrain Skis - 165cm,Ski,1,1.0,703.52,703.52,Received,2026-03-11,2026-03-14,Supplier SKU: FAB-3012,system,2026-02-27
196,66,PO-2026-0066,3021,Nordic Classic XC Skis - 185cm,Ski,110,110.0,278.45,30629.5,Received,2026-03-11,2026-03-14,Supplier SKU: FAB-3021,system,2026-02-27
197,67,PO-2026-0067,2112,4-Slice Toaster,Kitchen,5,4.0,66.6,333.0,Backordered,2026-04-20,2026-04-22,Supplier SKU: PRO-2112,system,2026-04-09
198,67,PO-2026-0067,2061,Mixing Bowl,Kitchen,23,23.0,25.72,591.56,Received,2026-04-20,2026-04-22,Supplier SKU: PRO-2061,system,2026-04-09
199,67,PO-2026-0067,2091,Spatula,Kitchen,5,5.0,7.98,39.9,Received,2026-04-20,2026-04-22,Supplier SKU: PRO-2091,system,2026-04-09
200,67,PO-2026-0067,2022,Fork Set,Kitchen,20,20.0,36.37,727.4,Received,2026-04-20,2026-04-22,Supplier SKU: PRO-2022,system,2026-04-09
201,68,PO-2026-0068,3082,Edge Tuning Tool Set,Ski,126,126.0,84.82,10687.32,Received,2026-04-07,2026-04-10,Supplier SKU: ALP-3082,system,2026-03-21
202,69,PO-2026-0069,2041,Serving Platter,Kitchen,56,,44.39,2485.84,Pending,2026-05-08,,Supplier SKU: PRO-2041,system,2026-04-29
203,69,PO-2026-0069,2022,Fork Set,Kitchen,25,,36.37,909.25,Pending,2026-05-08,,Supplier SKU: PRO-2022,system,2026-04-29
204,69,PO-2026-0069,2011,Coffee Maker,Kitchen,8,,118.56,948.48,Pending,2026-05-08,,Supplier SKU: PRO-2011,system,2026-04-29
205,69,PO-2026-0069,2031,Coffee Mug,Kitchen,7,,23.04,161.28,Pending,2026-05-08,,Supplier SKU: PRO-2031,system,2026-04-29
206,69,PO-2026-0069,2101,Measuring Cup Set,Kitchen,46,,13.5,621.0,Pending,2026-05-08,,Supplier SKU: PRO-2101,system,2026-04-29
207,70,PO-2026-0070,3031,Pro Flex Racing Ski Boots,Ski,1,1.0,419.97,419.97,Received,2026-04-24,2026-04-27,Supplier SKU: ALP-3031,system,2026-04-08
208,70,PO-2026-0070,3011,Alpine Pro Racing Skis - 170cm,Ski,16,16.0,1027.27,16436.32,Received,2026-04-24,2026-04-27,Supplier SKU: ALP-3011,system,2026-04-08
209,70,PO-2026-0070,3022,Backcountry Explorer XC Skis - 190cm,Ski,13,13.0,352.53,4582.89,Received,2026-04-24,2026-04-27,Supplier SKU: ALP-3022,system,2026-04-08
210,71,PO-2026-0071,3012,Mountain Master All-Terrain Skis - 165cm,Ski,127,127.0,597.44,75874.88,Received,2026-03-25,2026-03-28,Supplier SKU: ALP-3012,system,2026-03-09
211,71,PO-2026-0071,3092,All-Mountain Snowboard - 158cm,Ski,12,9.0,540.11,6481.32,Backordered,2026-03-25,2026-03-28,Supplier SKU: ALP-3092,system,2026-03-09
212,72,PO-2026-0072,3011,Alpine Pro Racing Skis - 170cm,Ski,48,48.0,910.08,43683.84,Received,2026-03-21,2026-03-22,Supplier SKU: FAB-3011,system,2026-03-04
213,72,PO-2026-0072,3012,Mountain Master All-Terrain Skis - 165cm,Ski,3,3.0,703.52,2110.56,Received,2026-03-21,2026-03-22,Supplier SKU: FAB-3012,system,2026-03-04
214,72,PO-2026-0072,3072,Hand Warmers - 10 Pack,Ski,91,91.0,11.41,1038.31,Received,2026-03-21,2026-03-22,Supplier SKU: FAB-3072,system,2026-03-04
215,72,PO-2026-0072,3062,Anti-Fog Ski Goggles,Ski,45,45.0,94.79,4265.55,Received,2026-03-21,2026-03-22,Supplier SKU: FAB-3062,system,2026-03-04
216,72,PO-2026-0072,3021,Nordic Classic XC Skis - 185cm,Ski,99,99.0,278.45,27566.55,Received,2026-03-21,2026-03-22,Supplier SKU: FAB-3021,system,2026-03-04
217,73,PO-2026-0073,2121,Bamboo Cutting Board Set,Kitchen,146,146.0,33.23,4851.58,Received,2026-04-04,2026-04-05,Supplier SKU: WOR-2121,system,2026-03-10
218,73,PO-2026-0073,3053,Waterproof Ski Pants,Ski,83,83.0,174.26,14463.58,Received,2026-04-04,2026-04-05,Supplier SKU: WOR-3053,system,2026-03-10
219,74,PO-2026-0074,3012,Mountain Master All-Terrain Skis - 165cm,Ski,106,93.0,676.38,71696.28,Backordered,2026-03-31,2026-04-01,Supplier SKU: WOR-3012,system,2026-03-10
220,74,PO-2026-0074,3101,Winter Boots - Insulated,Ski,58,58.0,132.32,7674.56,Received,2026-03-31,2026-04-01,Supplier SKU: WOR-3101,system,2026-03-10
221,74,PO-2026-0074,1511,Alpine Explorer Tent,Camping,32,32.0,360.55,11537.6,Received,2026-03-31,2026-04-01,Supplier SKU: WOR-1511,system,2026-03-10
222,74,PO-2026-0074,1541,TrekReady Hiking Boots,Camping,3,3.0,137.75,413.25,Received,2026-03-31,2026-04-01,Supplier SKU: WOR-1541,system,2026-03-10
223,75,PO-2026-0075,1512,SkyView 2-Person Tent,Camping,118,118.0,219.21,25866.78,Received,2026-03-09,2026-03-10,Supplier SKU: CON-1512,system,2026-02-28
224,75,PO-2026-0075,1581,LED Headlamp - Rechargeable,Camping,3,3.0,48.56,145.68,Received,2026-03-09,2026-03-10,Supplier SKU: CON-1581,system,2026-02-28
225,76,PO-2026-0076,3101,Winter Boots - Insulated,Ski,95,,132.32,12570.4,Pending,2026-05-07,,Supplier SKU: WOR-3101,system,2026-04-12
226,76,PO-2026-0076,2121,Bamboo Cutting Board Set,Kitchen,62,,33.23,2060.26,Pending,2026-05-07,,Supplier SKU: WOR-2121,system,2026-04-12
227,77,PO-2026-0077,3011,Alpine Pro Racing Skis - 170cm,Ski,30,30.0,910.08,27302.4,Received,2026-03-28,2026-03-31,Supplier SKU: FAB-3011,system,2026-03-12
228,77,PO-2026-0077,3053,Waterproof Ski Pants,Ski,52,40.0,211.38,10991.76,Backordered,2026-03-28,2026-03-31,Supplier SKU: FAB-3053,system,2026-03-12
229,77,PO-2026-0077,3021,Nordic Classic XC Skis - 185cm,Ski,55,55.0,278.45,15314.75,Received,2026-03-28,2026-03-31,Supplier SKU: FAB-3021,system,2026-03-12
230,77,PO-2026-0077,3012,Mountain Master All-Terrain Skis - 165cm,Ski,2,2.0,703.52,1407.04,Received,2026-03-28,2026-03-31,Supplier SKU: FAB-3012,system,2026-03-12
231,77,PO-2026-0077,3102,Winter Hiking Boots - Waterproof,Ski,2,2.0,194.91,389.82,Received,2026-03-28,2026-03-31,Supplier SKU: FAB-3102,system,2026-03-12
232,78,PO-2026-0078,1552,TrekMaster Camping Chair,Camping,7,,58.45,409.15,Shipped,2026-05-04,,Supplier SKU: CON-1552,system,2026-04-24
233,78,PO-2026-0078,1581,LED Headlamp - Rechargeable,Camping,2,,48.56,97.12,Shipped,2026-05-04,,Supplier SKU: CON-1581,system,2026-04-24
234,78,PO-2026-0078,1561,EcoFire Camping Stove,Camping,125,,82.06,10257.5,Shipped,2026-05-04,,Supplier SKU: CON-1561,system,2026-04-24
235,79,PO-2026-0079,1543,TrekStar Hiking Sandals,Camping,13,13.0,65.36,849.68,Received,2026-02-19,2026-02-20,Supplier SKU: CON-1543,system,2026-02-04
236,79,PO-2026-0079,1512,SkyView 2-Person Tent,Camping,27,27.0,219.21,5918.67,Received,2026-02-19,2026-02-20,Supplier SKU: CON-1512,system,2026-02-04
237,79,PO-2026-0079,1553,Adventure Dining Table,Camping,115,115.0,91.38,10508.7,Received,2026-02-19,2026-02-20,Supplier SKU: CON-1553,system,2026-02-04
238,79,PO-2026-0079,1581,LED Headlamp - Rechargeable,Camping,2,1.0,48.56,97.12,Backordered,2026-02-19,2026-02-20,Supplier SKU: CON-1581,system,2026-02-04
239,80,PO-2026-0080,3012,Mountain Master All-Terrain Skis - 165cm,Ski,234,234.0,597.44,139800.96,Received,2026-03-04,2026-03-06,Supplier SKU: ALP-3012,system,2026-02-15
240,81,PO-2026-0081,2081,Food Storage Set,Kitchen,10,10.0,25.3,253.0,Received,2026-02-18,2026-02-21,Supplier SKU: PRO-2081,system,2026-02-10
241,82,PO-2026-0082,3062,Anti-Fog Ski Goggles,Ski,16,16.0,94.79,1516.64,Received,2026-02-25,2026-03-09,Supplier SKU: FAB-3062,system,2026-02-13
242,82,PO-2026-0082,3053,Waterproof Ski Pants,Ski,114,114.0,211.38,24097.32,Received,2026-02-25,2026-03-09,Supplier SKU: FAB-3053,system,2026-02-13
243,83,PO-2026-0083,3072,Hand Warmers - 10 Pack,Ski,91,91.0,11.41,1038.31,Received,2026-04-26,2026-04-28,Supplier SKU: FAB-3072,system,2026-04-11
244,83,PO-2026-0083,3011,Alpine Pro Racing Skis - 170cm,Ski,38,38.0,910.08,34583.04,Received,2026-04-26,2026-04-28,Supplier SKU: FAB-3011,system,2026-04-11
245,84,PO-2026-0084,1572,MountainDream Sleeping Bag,Camping,4,4.0,222.59,890.36,Received,2026-04-01,2026-04-01,Supplier SKU: CON-1572,system,2026-03-17
246,84,PO-2026-0084,1562,PowerBurner Camping Stove,Camping,103,103.0,121.04,12467.12,Received,2026-04-01,2026-04-01,Supplier SKU: CON-1562,system,2026-03-17
247,84,PO-2026-0084,1533,RainGuard Hiking Jacket,Camping,47,47.0,107.2,5038.4,Received,2026-04-01,2026-04-01,Supplier SKU: CON-1533,system,2026-03-17
248,84,PO-2026-0084,1541,TrekReady Hiking Boots,Camping,7,7.0,127.43,892.01,Received,2026-04-01,2026-04-01,Supplier SKU: CON-1541,system,2026-03-17
249,85,PO-2026-0085,2071,Baking Pan,Kitchen,6,6.0,21.94,131.64,Received,2026-04-15,2026-04-18,Supplier SKU: PRO-2071,system,2026-04-07
250,85,PO-2026-0085,2031,Coffee Mug,Kitchen,12,12.0,23.04,276.48,Received,2026-04-15,2026-04-18,Supplier SKU: PRO-2031,system,2026-04-07
251,85,PO-2026-0085,2111,High-Speed Blender,Kitchen,1,1.0,123.0,123.0,Received,2026-04-15,2026-04-18,Supplier SKU: PRO-2111,system,2026-04-07
252,85,PO-2026-0085,2121,Bamboo Cutting Board Set,Kitchen,6,6.0,30.0,180.0,Received,2026-04-15,2026-04-18,Supplier SKU: PRO-2121,system,2026-04-07
253,86,PO-2026-0086,3021,Nordic Classic XC Skis - 185cm,Ski,119,119.0,278.45,33135.55,Received,2026-04-29,2026-05-10,Supplier SKU: FAB-3021,system,2026-04-13
254,87,PO-2026-0087,1533,RainGuard Hiking Jacket,Camping,45,45.0,107.2,4824.0,Received,2026-04-15,2026-04-17,Supplier SKU: CON-1533,system,2026-04-02
255,87,PO-2026-0087,1563,CompactCook Camping Stove,Camping,5,5.0,70.33,351.65,Received,2026-04-15,2026-04-17,Supplier SKU: CON-1563,system,2026-04-02
256,87,PO-2026-0087,1571,CozyNights Sleeping Bag,Camping,144,144.0,109.65,15789.6,Received,2026-04-15,2026-04-17,Supplier SKU: CON-1571,system,2026-04-02
257,88,PO-2026-0088,1541,TrekReady Hiking Boots,Camping,2,,137.75,275.5,Pending,2026-05-17,,Supplier SKU: WOR-1541,system,2026-04-26
258,88,PO-2026-0088,1511,Alpine Explorer Tent,Camping,47,,360.55,16945.85,Pending,2026-05-17,,Supplier SKU: WOR-1511,system,2026-04-26
259,89,PO-2026-0089,3021,Nordic Classic XC Skis - 185cm,Ski,106,,278.45,29515.7,Pending,2026-05-15,,Supplier SKU: FAB-3021,system,2026-04-27
260,89,PO-2026-0089,3062,Anti-Fog Ski Goggles,Ski,10,,94.79,947.9,Pending,2026-05-15,,Supplier SKU: FAB-3062,system,2026-04-27
261,89,PO-2026-0089,3053,Waterproof Ski Pants,Ski,74,,211.38,15642.12,Pending,2026-05-15,,Supplier SKU: FAB-3053,system,2026-04-27
262,89,PO-2026-0089,3072,Hand Warmers - 10 Pack,Ski,121,,11.41,1380.61,Pending,2026-05-15,,Supplier SKU: FAB-3072,system,2026-04-27
263,89,PO-2026-0089,3012,Mountain Master All-Terrain Skis - 165cm,Ski,1,,703.52,703.52,Pending,2026-05-15,,Supplier SKU: FAB-3012,system,2026-04-27
264,90,PO-2026-0090,1553,Adventure Dining Table,Camping,64,61.0,91.38,5848.32,Backordered,2026-03-24,2026-03-25,Supplier SKU: CON-1553,system,2026-03-15
265,90,PO-2026-0090,1581,LED Headlamp - Rechargeable,Camping,5,5.0,48.56,242.8,Received,2026-03-24,2026-03-25,Supplier SKU: CON-1581,system,2026-03-15
266,91,PO-2026-0091,3012,Mountain Master All-Terrain Skis - 165cm,Ski,119,119.0,676.38,80489.22,Received,2026-03-28,2026-03-30,Supplier SKU: WOR-3012,system,2026-03-02
267,91,PO-2026-0091,1511,Alpine Explorer Tent,Camping,48,48.0,360.55,17306.4,Received,2026-03-28,2026-03-30,Supplier SKU: WOR-1511,system,2026-03-02
268,91,PO-2026-0091,2011,Coffee Maker,Kitchen,93,93.0,130.73,12157.89,Received,2026-03-28,2026-03-30,Supplier SKU: WOR-2011,system,2026-03-02
269,91,PO-2026-0091,3101,Winter Boots - Insulated,Ski,35,35.0,132.32,4631.2,Received,2026-03-28,2026-03-30,Supplier SKU: WOR-3101,system,2026-03-02
270,91,PO-2026-0091,2111,High-Speed Blender,Kitchen,68,68.0,162.2,11029.6,Received,2026-03-28,2026-03-30,Supplier SKU: WOR-2111,system,2026-03-02
271,92,PO-2026-0092,3012,Mountain Master All-Terrain Skis - 165cm,Ski,1,1.0,703.52,703.52,Received,2026-04-08,2026-04-08,Supplier SKU: FAB-3012,system,2026-03-22
272,92,PO-2026-0092,3062,Anti-Fog Ski Goggles,Ski,41,41.0,94.79,3886.39,Received,2026-04-08,2026-04-08,Supplier SKU: FAB-3062,system,2026-03-22
273,92,PO-2026-0092,3053,Waterproof Ski Pants,Ski,137,137.0,211.38,28959.06,Received,2026-04-08,2026-04-08,Supplier SKU: FAB-3053,system,2026-03-22
274,92,PO-2026-0092,3011,Alpine Pro Racing Skis - 170cm,Ski,33,33.0,910.08,30032.64,Received,2026-04-08,2026-04-08,Supplier SKU: FAB-3011,system,2026-03-22
275,93,PO-2026-0093,3013,Beginner's Choice Alpine Skis - 160cm,Ski,56,56.0,344.68,19302.08,Received,2026-04-20,2026-04-23,Supplier SKU: ALP-3013,system,2026-04-07
276,94,PO-2026-0094,1522,SummitClimber Backpack,Camping,13,9.0,163.1,2120.3,Backordered,2026-02-07,2026-02-09,Supplier SKU: CON-1522,system,2026-01-30
277,94,PO-2026-0094,1581,LED Headlamp - Rechargeable,Camping,1,0.0,48.56,48.56,Backordered,2026-02-07,2026-02-09,Supplier SKU: CON-1581,system,2026-01-30
278,94,PO-2026-0094,1571,CozyNights Sleeping Bag,Camping,119,119.0,109.65,13048.35,Received,2026-02-07,2026-02-09,Supplier SKU: CON-1571,system,2026-01-30
279,94,PO-2026-0094,1521,Adventurer Pro Backpack,Camping,23,23.0,122.8,2824.4,Received,2026-02-07,2026-02-09,Supplier SKU: CON-1521,system,2026-01-30
280,94,PO-2026-0094,1562,PowerBurner Camping Stove,Camping,56,49.0,121.04,6778.24,Backordered,2026-02-07,2026-02-09,Supplier SKU: CON-1562,system,2026-01-30
281,95,PO-2026-0095,2071,Baking Pan,Kitchen,5,5.0,21.94,109.7,Received,2026-03-18,2026-03-21,Supplier SKU: PRO-2071,system,2026-03-03
282,95,PO-2026-0095,2012,Espresso Machine,Kitchen,35,35.0,312.61,10941.35,Received,2026-03-18,2026-03-21,Supplier SKU: PRO-2012,system,2026-03-03
283,96,PO-2026-0096,3053,Waterproof Ski Pants,Ski,244,,211.38,51576.72,Shipped,2026-02-26,,Supplier SKU: FAB-3053,system,2026-02-10
284,96,PO-2026-0096,3011,Alpine Pro Racing Skis - 170cm,Ski,23,,910.08,20931.84,Shipped,2026-02-26,,Supplier SKU: FAB-3011,system,2026-02-10
285,96,PO-2026-0096,3062,Anti-Fog Ski Goggles,Ski,25,,94.79,2369.75,Shipped,2026-02-26,,Supplier SKU: FAB-3062,system,2026-02-10
286,97,PO-2026-0097,3104,Ski Tuning Bench - Portable,Ski,5,,118.89,594.45,Pending,2026-05-01,,Supplier SKU: ALP-3104,system,2026-04-16
287,97,PO-2026-0097,3041,Carbon Fiber Racing Poles - 120cm,Ski,50,,127.74,6387.0,Pending,2026-05-01,,Supplier SKU: ALP-3041,system,2026-04-16
288,97,PO-2026-0097,3013,Beginner's Choice Alpine Skis - 160cm,Ski,183,,344.68,63076.44,Pending,2026-05-01,,Supplier SKU: ALP-3013,system,2026-04-16
289,97,PO-2026-0097,3042,Aluminum All-Mountain Poles - 115cm,Ski,5,,62.54,312.7,Pending,2026-05-01,,Supplier SKU: ALP-3042,system,2026-04-16
290,97,PO-2026-0097,3101,Winter Boots - Insulated,Ski,47,,96.57,4538.79,Pending,2026-05-01,,Supplier SKU: ALP-3101,system,2026-04-16
291,98,PO-2026-0098,3053,Waterproof Ski Pants,Ski,8,8.0,154.8,1238.4,Received,2026-04-11,2026-04-12,Supplier SKU: ALP-3053,system,2026-03-30
292,98,PO-2026-0098,3062,Anti-Fog Ski Goggles,Ski,2,2.0,81.58,163.16,Received,2026-04-11,2026-04-12,Supplier SKU: ALP-3062,system,2026-03-30
293,98,PO-2026-0098,3042,Aluminum All-Mountain Poles - 115cm,Ski,5,3.0,62.54,312.7,Backordered,2026-04-11,2026-04-12,Supplier SKU: ALP-3042,system,2026-03-30
294,99,PO-2026-0099,2012,Espresso Machine,Kitchen,36,,312.61,11253.96,Pending,2026-05-08,,Supplier SKU: PRO-2012,system,2026-04-25
295,99,PO-2026-0099,2112,4-Slice Toaster,Kitchen,16,,66.6,1065.6,Pending,2026-05-08,,Supplier SKU: PRO-2112,system,2026-04-25
296,99,PO-2026-0099,2121,Bamboo Cutting Board Set,Kitchen,9,,30.0,270.0,Pending,2026-05-08,,Supplier SKU: PRO-2121,system,2026-04-25
297,99,PO-2026-0099,2031,Coffee Mug,Kitchen,23,,23.04,529.92,Pending,2026-05-08,,Supplier SKU: PRO-2031,system,2026-04-25
298,100,PO-2026-0100,3061,Professional Ski Helmet,Ski,25,25.0,151.7,3792.5,Received,2026-04-06,2026-04-08,Supplier SKU: ALP-3061,system,2026-03-26
299,100,PO-2026-0100,3104,Ski Tuning Bench - Portable,Ski,4,4.0,118.89,475.56,Received,2026-04-06,2026-04-08,Supplier SKU: ALP-3104,system,2026-03-26
300,100,PO-2026-0100,3092,All-Mountain Snowboard - 158cm,Ski,24,24.0,540.11,12962.64,Received,2026-04-06,2026-04-08,Supplier SKU: ALP-3092,system,2026-03-26
301,100,PO-2026-0100,3032,Comfort Fit Recreational Boots,Ski,11,11.0,240.85,2649.35,Received,2026-04-06,2026-04-08,Supplier SKU: ALP-3032,system,2026-03-26
302,101,PO-2026-0101,3101,Winter Boots - Insulated,Ski,105,105.0,132.32,13893.6,Received,2026-04-15,2026-04-17,Supplier SKU: WOR-3101,system,2026-03-20
303,101,PO-2026-0101,1511,Alpine Explorer Tent,Camping,50,50.0,360.55,18027.5,Received,2026-04-15,2026-04-17,Supplier SKU: WOR-1511,system,2026-03-20
304,102,PO-2026-0102,3102,Winter Hiking Boots - Waterproof,Ski,2,,194.91,389.82,Pending,2026-04-30,,Supplier SKU: FAB-3102,system,2026-04-14
305,102,PO-2026-0102,3011,Alpine Pro Racing Skis - 170cm,Ski,24,,910.08,21841.92,Pending,2026-04-30,,Supplier SKU: FAB-3011,system,2026-04-14
306,102,PO-2026-0102,3021,Nordic Classic XC Skis - 185cm,Ski,95,,278.45,26452.75,Pending,2026-04-30,,Supplier SKU: FAB-3021,system,2026-04-14
307,103,PO-2026-0103,3053,Waterproof Ski Pants,Ski,179,,211.38,37837.02,Shipped,2026-05-08,,Supplier SKU: FAB-3053,system,2026-04-21
308,103,PO-2026-0103,3012,Mountain Master All-Terrain Skis - 165cm,Ski,3,,703.52,2110.56,Shipped,2026-05-08,,Supplier SKU: FAB-3012,system,2026-04-21
309,103,PO-2026-0103,3011,Alpine Pro Racing Skis - 170cm,Ski,42,,910.08,38223.36,Shipped,2026-05-08,,Supplier SKU: FAB-3011,system,2026-04-21
310,103,PO-2026-0103,3102,Winter Hiking Boots - Waterproof,Ski,2,,194.91,389.82,Shipped,2026-05-08,,Supplier SKU: FAB-3102,system,2026-04-21
311,104,PO-2026-0104,2011,Coffee Maker,Kitchen,64,64.0,130.73,8366.72,Received,2026-03-19,2026-03-22,Supplier SKU: WOR-2011,system,2026-02-21
312,104,PO-2026-0104,3053,Waterproof Ski Pants,Ski,93,93.0,174.26,16206.18,Received,2026-03-19,2026-03-22,Supplier SKU: WOR-3053,system,2026-02-21
313,104,PO-2026-0104,2121,Bamboo Cutting Board Set,Kitchen,118,118.0,33.23,3921.14,Received,2026-03-19,2026-03-22,Supplier SKU: WOR-2121,system,2026-02-21
314,104,PO-2026-0104,1541,TrekReady Hiking Boots,Camping,1,1.0,137.75,137.75,Received,2026-03-19,2026-03-22,Supplier SKU: WOR-1541,system,2026-02-21
315,105,PO-2026-0105,1541,TrekReady Hiking Boots,Camping,19,19.0,127.43,2421.17,Received,2026-03-22,2026-03-25,Supplier SKU: CON-1541,system,2026-03-11
316,105,PO-2026-0105,1511,Alpine Explorer Tent,Camping,18,18.0,283.37,5100.66,Received,2026-03-22,2026-03-25,Supplier SKU: CON-1511,system,2026-03-11
317,105,PO-2026-0105,1553,Adventure Dining Table,Camping,229,229.0,91.38,20926.02,Received,2026-03-22,2026-03-25,Supplier SKU: CON-1553,system,2026-03-11
318,105,PO-2026-0105,1551,BaseCamp Folding Table,Camping,241,241.0,67.04,16156.64,Received,2026-03-22,2026-03-25,Supplier SKU: CON-1551,system,2026-03-11
319,106,PO-2026-0106,3091,Freestyle Snowboard - 155cm,Ski,7,7.0,456.94,3198.58,Received,2026-02-15,2026-02-17,Supplier SKU: ALP-3091,system,2026-02-04
320,106,PO-2026-0106,3103,Snowboard Bindings - Pro,Ski,8,8.0,180.33,1442.64,Received,2026-02-15,2026-02-17,Supplier SKU: ALP-3103,system,2026-02-04
321,106,PO-2026-0106,3012,Mountain Master All-Terrain Skis - 165cm,Ski,152,152.0,597.44,90810.88,Received,2026-02-15,2026-02-17,Supplier SKU: ALP-3012,system,2026-02-04
322,107,PO-2026-0107,3102,Winter Hiking Boots - Waterproof,Ski,3,3.0,194.91,584.73,Received,2026-04-23,2026-04-23,Supplier SKU: FAB-3102,system,2026-04-08
323,107,PO-2026-0107,3011,Alpine Pro Racing Skis - 170cm,Ski,28,28.0,910.08,25482.24,Received,2026-04-23,2026-04-23,Supplier SKU: FAB-3011,system,2026-04-08
324,107,PO-2026-0107,3053,Waterproof Ski Pants,Ski,195,195.0,211.38,41219.1,Received,2026-04-23,2026-04-23,Supplier SKU: FAB-3053,system,2026-04-08
325,108,PO-2026-0108,3041,Carbon Fiber Racing Poles - 120cm,Ski,44,44.0,127.74,5620.56,Received,2026-04-13,2026-04-15,Supplier SKU: ALP-3041,system,2026-03-28
326,108,PO-2026-0108,3092,All-Mountain Snowboard - 158cm,Ski,12,12.0,540.11,6481.32,Received,2026-04-13,2026-04-15,Supplier SKU: ALP-3092,system,2026-03-28
327,108,PO-2026-0108,3062,Anti-Fog Ski Goggles,Ski,4,4.0,81.58,326.32,Received,2026-04-13,2026-04-15,Supplier SKU: ALP-3062,system,2026-03-28
328,109,PO-2026-0109,1572,MountainDream Sleeping Bag,Camping,4,2.0,222.59,890.36,Backordered,2026-03-31,2026-04-02,Supplier SKU: CON-1572,system,2026-03-20
329,109,PO-2026-0109,1532,TrailBlaze Hiking Pants,Camping,6,6.0,67.64,405.84,Received,2026-03-31,2026-04-02,Supplier SKU: CON-1532,system,2026-03-20
330,109,PO-2026-0109,1552,TrekMaster Camping Chair,Camping,21,21.0,58.45,1227.45,Received,2026-03-31,2026-04-02,Supplier SKU: CON-1552,system,2026-03-20
331,110,PO-2026-0110,3062,Anti-Fog Ski Goggles,Ski,39,39.0,94.79,3696.81,Received,2026-04-08,2026-04-11,Supplier SKU: FAB-3062,system,2026-03-26
332,111,PO-2026-0111,1572,MountainDream Sleeping Bag,Camping,3,3.0,222.59,667.77,Received,2026-03-20,2026-03-21,Supplier SKU: CON-1572,system,2026-03-11
333,111,PO-2026-0111,1521,Adventurer Pro Backpack,Camping,10,10.0,122.8,1228.0,Received,2026-03-20,2026-03-21,Supplier SKU: CON-1521,system,2026-03-11
334,111,PO-2026-0111,1561,EcoFire Camping Stove,Camping,114,79.0,82.06,9354.84,Backordered,2026-03-20,2026-03-21,Supplier SKU: CON-1561,system,2026-03-11
335,111,PO-2026-0111,1551,BaseCamp Folding Table,Camping,58,58.0,67.04,3888.32,Received,2026-03-20,2026-03-21,Supplier SKU: CON-1551,system,2026-03-11
336,111,PO-2026-0111,1571,CozyNights Sleeping Bag,Camping,184,184.0,109.65,20175.6,Received,2026-03-20,2026-03-21,Supplier SKU: CON-1571,system,2026-03-11
337,112,PO-2026-0112,1511,Alpine Explorer Tent,Camping,21,,360.55,7571.55,Shipped,2026-02-22,,Supplier SKU: WOR-1511,system,2026-02-02
338,112,PO-2026-0112,3101,Winter Boots - Insulated,Ski,43,,132.32,5689.76,Shipped,2026-02-22,,Supplier SKU: WOR-3101,system,2026-02-02
339,112,PO-2026-0112,3012,Mountain Master All-Terrain Skis - 165cm,Ski,119,,676.38,80489.22,Shipped,2026-02-22,,Supplier SKU: WOR-3012,system,2026-02-02
340,113,PO-2026-0113,1542,TrailWalker Hiking Shoes,Camping,5,5.0,90.83,454.15,Received,2026-03-09,2026-03-09,Supplier SKU: CON-1542,system,2026-02-27
341,113,PO-2026-0113,1561,EcoFire Camping Stove,Camping,26,26.0,82.06,2133.56,Received,2026-03-09,2026-03-09,Supplier SKU: CON-1561,system,2026-02-27
342,113,PO-2026-0113,1552,TrekMaster Camping Chair,Camping,7,7.0,58.45,409.15,Received,2026-03-09,2026-03-09,Supplier SKU: CON-1552,system,2026-02-27
343,113,PO-2026-0113,1521,Adventurer Pro Backpack,Camping,20,20.0,122.8,2456.0,Received,2026-03-09,2026-03-09,Supplier SKU: CON-1521,system,2026-02-27
344,114,PO-2026-0114,3102,Winter Hiking Boots - Waterproof,Ski,3,3.0,194.91,584.73,Received,2026-03-08,2026-03-21,Supplier SKU: FAB-3102,system,2026-02-23
345,114,PO-2026-0114,3053,Waterproof Ski Pants,Ski,112,112.0,211.38,23674.56,Received,2026-03-08,2026-03-21,Supplier SKU: FAB-3053,system,2026-02-23
346,115,PO-2026-0115,3092,All-Mountain Snowboard - 158cm,Ski,22,22.0,540.11,11882.42,Received,2026-03-13,2026-03-14,Supplier SKU: ALP-3092,system,2026-03-02
347,115,PO-2026-0115,3051,Insulated Ski Jacket - Men's,Ski,76,76.0,226.49,17213.24,Received,2026-03-13,2026-03-14,Supplier SKU: ALP-3051,system,2026-03-02
348,115,PO-2026-0115,3103,Snowboard Bindings - Pro,Ski,25,25.0,180.33,4508.25,Received,2026-03-13,2026-03-14,Supplier SKU: ALP-3103,system,2026-03-02
349,115,PO-2026-0115,3053,Waterproof Ski Pants,Ski,15,15.0,154.8,2322.0,Received,2026-03-13,2026-03-14,Supplier SKU: ALP-3053,system,2026-03-02
350,115,PO-2026-0115,3021,Nordic Classic XC Skis - 185cm,Ski,25,25.0,262.32,6558.0,Received,2026-03-13,2026-03-14,Supplier SKU: ALP-3021,system,2026-03-02
