AccountID,AccountNumber,CustomerID,AccountType,AccountStatus,CreatedDate,ClosedDate,Balance,Currency,Description,CreatedBy
8cb4f1e8-224d-4e54-8803-cd64e16f24a5,ACC-Camping-1000,CID-001,Receivable,Active,2021-01-01,,0.0,USD,Customer receivable account (Camping),SampleGen
9a063f3b-86d4-432c-8b26-6b23ea026f09,ACC-Camping-1001,CID-002,Receivable,Active,2021-01-01,,0.0,USD,Customer receivable account (Camping),SampleGen
549fe4d3-a782-4569-a73c-c7c061c83fe0,ACC-Camping-1002,CID-003,Receivable,Active,2021-01-01,,0.0,USD,Customer receivable account (Camping),SampleGen
f9737850-907d-48f7-be77-3a59bbaa21b4,ACC-Camping-1003,CID-004,Receivable,Active,2021-01-01,,0.0,USD,Customer receivable account (Camping),SampleGen
9dab5ab1-89ed-4fa3-a62b-608605b4e0d2,ACC-Camping-1004,CID-005,Receivable,Active,2021-01-01,,0.0,USD,Customer receivable account (Camping),SampleGen
d567f593-7206-4cda-a440-a1d6d23dc203,ACC-Camping-1005,CID-006,Receivable,Active,2021-01-01,,0.0,USD,Customer receivable account (Camping),SampleGen
3fd274db-2479-4aa7-9352-ad96b1488acb,ACC-Camping-1006,CID-007,Receivable,Active,2021-01-01,,0.0,USD,Customer receivable account (Camping),SampleGen
98cba222-c3aa-4c50-aac5-dbd67c1db736,ACC-Camping-1007,CID-008,Receivable,Active,2021-01-01,,0.0,USD,Customer receivable account (Camping),SampleGen
890c57d8-0ffe-4632-987c-475214a410eb,ACC-Camping-1008,CID-009,Receivable,Active,2021-01-01,,0.0,USD,Customer receivable account (Camping),SampleGen
35ef7c28-32ef-4fac-8a0b-b28c3aedb944,ACC-Camping-1009,CID-010,Receivable,Active,2021-01-01,,0.0,USD,Customer receivable account (Camping),SampleGen
65fa8dc3-5615-4fb2-ab66-cb8006a7fe0d,ACC-Camping-1010,CID-011,Receivable,Active,2021-01-01,,0.0,USD,Customer receivable account (Camping),SampleGen
1457da0e-3a88-4e26-a22f-d85ee28725e4,ACC-Camping-1011,CID-012,Receivable,Active,2021-01-01,,0.0,USD,Customer receivable account (Camping),SampleGen
37b8b311-c077-4fae-80eb-0c28e8c92734,ACC-Camping-1012,CID-013,Receivable,Active,2021-01-01,,0.0,USD,Customer receivable account (Camping),SampleGen
82cb7c70-07e9-4d4e-851c-5520fd527a07,ACC-Camping-1013,CID-014,Receivable,Active,2021-01-01,,0.0,USD,Customer receivable account (Camping),SampleGen
1eb0ffab-3e71-4255-9f9b-91425e96743a,ACC-Camping-1014,CID-015,Receivable,Active,2021-01-01,,0.0,USD,Customer receivable account (Camping),SampleGen
d4c5ee11-6365-4c5f-846e-4db0f48e92cc,ACC-Camping-1015,CID-016,Receivable,Active,2021-01-01,,0.0,USD,Customer receivable account (Camping),SampleGen
ca9f2746-3e7d-42ea-acfc-0e75bc16daef,ACC-Camping-1016,CID-017,Receivable,Active,2021-01-01,,0.0,USD,Customer receivable account (Camping),SampleGen
4f1ddd87-bbae-4509-a7c9-6785f1bcbf4f,ACC-Camping-1017,CID-018,Receivable,Active,2021-01-01,,0.0,USD,Customer receivable account (Camping),SampleGen
97a0d581-4d85-4d20-b76c-7a1136b01ed3,ACC-Camping-1018,CID-019,Receivable,Active,2021-01-01,,0.0,USD,Customer receivable account (Camping),SampleGen
066fdb2b-e136-40ff-8c6d-15b33514e1b5,ACC-Camping-1019,CID-020,Receivable,Active,2021-01-01,,0.0,USD,Customer receivable account (Camping),SampleGen
ce4f3af1-92c1-4683-889e-00d317046965,ACC-Camping-1020,CID-021,Receivable,Active,2021-01-01,,0.0,USD,Customer receivable account (Camping),SampleGen
799aa15b-ae04-44c5-83c7-da253b6d3edb,ACC-Camping-1021,CID-022,Receivable,Active,2021-01-01,,0.0,USD,Customer receivable account (Camping),SampleGen
b3a71f4f-993c-4642-8034-477a01a02677,ACC-Camping-1022,CID-023,Receivable,Active,2021-01-01,,0.0,USD,Customer receivable account (Camping),SampleGen
f12f7154-0590-47bf-b86e-c17562fe1a44,ACC-Camping-1023,CID-024,Receivable,Active,2021-01-01,,0.0,USD,Customer receivable account (Camping),SampleGen
1a90d844-d485-4918-af0b-82889cdc1c89,ACC-Camping-1024,CID-025,Receivable,Active,2021-01-01,,0.0,USD,Customer receivable account (Camping),SampleGen
e0c5f5d7-4c91-448e-9983-955633868273,ACC-Camping-1025,CID-026,Receivable,Active,2021-01-01,,0.0,USD,Customer receivable account (Camping),SampleGen
16ce84bf-60ab-4060-a91f-5f8612c7c942,ACC-Camping-1026,CID-027,Receivable,Active,2021-01-01,,0.0,USD,Customer receivable account (Camping),SampleGen
ed375bfd-200b-4f1c-951d-003408042aa9,ACC-Camping-1027,CID-028,Receivable,Active,2021-01-01,,0.0,USD,Customer receivable account (Camping),SampleGen
1c86bddb-f2e0-4e14-9a64-e4498cedca0c,ACC-Camping-1028,CID-029,Receivable,Active,2021-01-01,,0.0,USD,Customer receivable account (Camping),SampleGen
2599b988-4250-4f00-8eb3-766c9a57ddf5,ACC-Camping-1029,CID-030,Receivable,Active,2021-01-01,,0.0,USD,Customer receivable account (Camping),SampleGen
bfb666cd-5b7f-4145-83f4-e5e92d25a4a9,ACC-Camping-1030,CID-031,Receivable,Active,2021-01-01,,0.0,USD,Customer receivable account (Camping),SampleGen
74cdbe3c-e4e7-4c81-a1bd-ab63dcb47e80,ACC-Camping-1031,CID-032,Receivable,Active,2021-01-01,,0.0,USD,Customer receivable account (Camping),SampleGen
59132e0f-599c-43f6-a3fb-7cba65ecae5e,ACC-Camping-1032,CID-033,Receivable,Active,2021-01-01,,0.0,USD,Customer receivable account (Camping),SampleGen
4bd8a6fc-9349-4953-9e51-8ebd27c0bf68,ACC-Camping-1033,CID-034,Receivable,Active,2021-01-01,,0.0,USD,Customer receivable account (Camping),SampleGen
fad6ba5f-5423-447f-8c48-1b81572a84f3,ACC-Camping-1034,CID-035,Receivable,Active,2021-01-01,,0.0,USD,Customer receivable account (Camping),SampleGen
9a77d6f7-4126-4605-8c89-8dd6022a3ea0,ACC-Camping-1035,CID-036,Receivable,Active,2021-01-01,,0.0,USD,Customer receivable account (Camping),SampleGen
87f52e6f-0f06-419c-af40-21ded1c9bc9a,ACC-Camping-1036,CID-037,Receivable,Active,2021-01-01,,0.0,USD,Customer receivable account (Camping),SampleGen
1b610e76-58fa-4d3c-94d8-2f465dff96c9,ACC-Camping-1037,CID-038,Receivable,Active,2021-01-01,,0.0,USD,Customer receivable account (Camping),SampleGen
e05df6a0-21ad-4a76-8582-ad3bbd254fe7,ACC-Camping-1038,CID-039,Receivable,Active,2021-01-01,,0.0,USD,Customer receivable account (Camping),SampleGen
9d2eff5e-6bb1-4323-a4e1-07e82aeb135b,ACC-Camping-1039,CID-040,Receivable,Active,2021-01-01,,0.0,USD,Customer receivable account (Camping),SampleGen
c5539f10-77e2-41d4-81c1-f40e246c463d,ACC-Camping-1040,CID-041,Receivable,Active,2021-01-01,,0.0,USD,Customer receivable account (Camping),SampleGen
1dc61a3a-3505-4e2d-9525-3b7d3e7306df,ACC-Camping-1041,CID-042,Receivable,Active,2021-01-01,,0.0,USD,Customer receivable account (Camping),SampleGen
22c1e44e-17fc-4dd0-bc95-da961b95efff,ACC-Camping-1042,CID-043,Receivable,Active,2021-01-01,,0.0,USD,Customer receivable account (Camping),SampleGen
5bd484b6-b39b-4719-bb7b-31bd736f3543,ACC-Camping-1043,CID-044,Receivable,Active,2021-01-01,,0.0,USD,Customer receivable account (Camping),SampleGen
229dbf84-bdbe-45b0-bea6-a5e7c2c3ef54,ACC-Camping-1044,CID-045,Receivable,Active,2021-01-01,,0.0,USD,Customer receivable account (Camping),SampleGen
e1f4d92f-5aab-4401-a8a4-f49d71913bfa,ACC-Camping-1045,CID-046,Receivable,Active,2021-01-01,,0.0,USD,Customer receivable account (Camping),SampleGen
b0e45e92-e057-4814-8f20-337dfaa019ac,ACC-Camping-1046,CID-047,Receivable,Active,2021-01-01,,0.0,USD,Customer receivable account (Camping),SampleGen
3d8bb034-f800-4b8e-8b77-4542e402bc7d,ACC-Camping-1047,CID-048,Receivable,Active,2021-01-01,,0.0,USD,Customer receivable account (Camping),SampleGen
3ce3430e-6892-4a03-b43b-74fb049e6e87,ACC-Camping-1048,CID-049,Receivable,Active,2021-01-01,,0.0,USD,Customer receivable account (Camping),SampleGen
326a4e58-bdf5-4742-9350-5c12f5ee5e47,ACC-Camping-1049,CID-050,Receivable,Active,2021-01-01,,0.0,USD,Customer receivable account (Camping),SampleGen
87a5cf51-bce5-4204-97ec-e46eabbe5c80,ACC-Camping-1050,CID-051,Receivable,Active,2021-01-01,,0.0,USD,Customer receivable account (Camping),SampleGen
e0b5b0ca-917a-49b9-9fbd-5000d55b27c7,ACC-Camping-1051,CID-052,Receivable,Active,2021-01-01,,0.0,USD,Customer receivable account (Camping),SampleGen
4df52fd7-669e-46ec-8060-1887e4c5e5e6,ACC-Camping-1052,CID-053,Receivable,Active,2021-01-01,,0.0,USD,Customer receivable account (Camping),SampleGen
7b95c894-3987-40a1-907e-400dd963a93c,ACC-Camping-1053,CID-054,Receivable,Active,2021-01-01,,0.0,USD,Customer receivable account (Camping),SampleGen
8484781c-3eb3-4bb5-bc44-88453bceca6d,ACC-Camping-1054,CID-055,Receivable,Active,2021-01-01,,0.0,USD,Customer receivable account (Camping),SampleGen
477ecbc5-e19e-42e5-89f3-187c28e10604,ACC-Camping-1055,CID-056,Receivable,Active,2021-01-01,,0.0,USD,Customer receivable account (Camping),SampleGen
1a6581a1-bd6b-42a8-80e1-1d3876a5f388,ACC-Camping-1056,CID-057,Receivable,Active,2021-01-01,,0.0,USD,Customer receivable account (Camping),SampleGen
fea0b260-e469-4c2e-976e-82045eb97686,ACC-Camping-1057,CID-058,Receivable,Active,2021-01-01,,0.0,USD,Customer receivable account (Camping),SampleGen
83a0cc90-614f-418e-bf1f-c56fd3310b4e,ACC-Camping-1058,CID-059,Receivable,Active,2021-01-01,,0.0,USD,Customer receivable account (Camping),SampleGen
c751540a-8e85-408a-8524-8d2e8f4d55f4,ACC-Camping-1059,CID-060,Receivable,Active,2021-01-01,,0.0,USD,Customer receivable account (Camping),SampleGen
07ddfc8a-0346-411a-aa99-08358d946577,ACC-Camping-1060,CID-061,Receivable,Active,2021-01-01,,0.0,USD,Customer receivable account (Camping),SampleGen
b48c6797-d3b2-4528-a5ec-5409d4349b4f,ACC-Camping-1061,CID-062,Receivable,Active,2021-01-01,,0.0,USD,Customer receivable account (Camping),SampleGen
59717ab7-a58f-4d69-bbc4-a766075127f9,ACC-Camping-1062,CID-063,Receivable,Active,2021-01-01,,0.0,USD,Customer receivable account (Camping),SampleGen
2a2d376e-b0bd-410a-a095-0aecd8896db5,ACC-Camping-1063,CID-064,Receivable,Active,2021-01-01,,0.0,USD,Customer receivable account (Camping),SampleGen
f21129a1-07cb-4c23-ad95-c34fce04f3e3,ACC-Camping-1064,CID-065,Receivable,Active,2021-01-01,,0.0,USD,Customer receivable account (Camping),SampleGen
027cbb91-517a-48c9-97d9-597040d25123,ACC-Camping-1065,CID-066,Receivable,Active,2021-01-01,,0.0,USD,Customer receivable account (Camping),SampleGen
2143b6f3-49f7-4ac8-84ca-aafc53f178a5,ACC-Camping-1066,CID-067,Receivable,Active,2021-01-01,,0.0,USD,Customer receivable account (Camping),SampleGen
d3506b6a-aa63-4450-a37d-c9463108b306,ACC-Camping-1067,CID-068,Receivable,Active,2021-01-01,,0.0,USD,Customer receivable account (Camping),SampleGen
fcde5fff-e480-4f4c-9ed9-3383f62f7ee3,ACC-Camping-1068,CID-069,Receivable,Active,2021-01-01,,0.0,USD,Customer receivable account (Camping),SampleGen
74ab812f-d1c3-4417-8b1a-194a54a74715,ACC-Camping-1069,CID-070,Receivable,Active,2021-01-01,,0.0,USD,Customer receivable account (Camping),SampleGen
45446d20-4020-4f17-aaf1-a244f0f753aa,ACC-Camping-1070,CID-071,Receivable,Active,2021-01-01,,0.0,USD,Customer receivable account (Camping),SampleGen
28a251c1-eadd-4315-85d6-56b2488015e5,ACC-Camping-1071,CID-072,Receivable,Active,2021-01-01,,0.0,USD,Customer receivable account (Camping),SampleGen
5864be5a-bef8-437f-b907-9201eed084dc,ACC-Camping-1072,CID-073,Receivable,Active,2021-01-01,,0.0,USD,Customer receivable account (Camping),SampleGen
6f811a42-f82b-4738-aec5-c2706ea11043,ACC-Camping-1073,CID-074,Receivable,Active,2021-01-01,,0.0,USD,Customer receivable account (Camping),SampleGen
704dc40b-3bc0-40c8-91d8-0c98161b7016,ACC-Camping-1074,CID-075,Receivable,Active,2021-01-01,,0.0,USD,Customer receivable account (Camping),SampleGen
5bbf2ab5-69a7-4ba5-a5d3-1caffaebecee,ACC-Camping-1075,CID-076,Receivable,Active,2021-01-01,,0.0,USD,Customer receivable account (Camping),SampleGen
dc71e2f6-8a4a-43f3-b13a-ab4245319ec9,ACC-Camping-1076,CID-077,Receivable,Active,2021-01-01,,0.0,USD,Customer receivable account (Camping),SampleGen
8e2c7422-24a8-4cd0-9a78-941645ba9eaa,ACC-Camping-1077,CID-078,Receivable,Active,2021-01-01,,0.0,USD,Customer receivable account (Camping),SampleGen
a703ec0e-d0d3-44d5-a825-8689d152a5e7,ACC-Camping-1078,CID-079,Receivable,Active,2021-01-01,,0.0,USD,Customer receivable account (Camping),SampleGen
d576735b-ac92-4f95-9d59-02f498d93287,ACC-Camping-1079,CID-080,Receivable,Active,2021-01-01,,0.0,USD,Customer receivable account (Camping),SampleGen
90ffe5f8-e615-420d-8c9d-eae50ffa6988,ACC-Camping-1080,CID-081,Receivable,Active,2021-01-01,,0.0,USD,Customer receivable account (Camping),SampleGen
953b5853-5a3e-428a-86e6-b1628ddabcda,ACC-Camping-1081,CID-082,Receivable,Active,2021-01-01,,0.0,USD,Customer receivable account (Camping),SampleGen
d9ac282c-61f5-402f-aa20-c721c1ff80e2,ACC-Camping-1082,CID-083,Receivable,Active,2021-01-01,,0.0,USD,Customer receivable account (Camping),SampleGen
8cf5cb5b-2fd0-4302-b5cb-2c6fffc1b8c1,ACC-Camping-1083,CID-084,Receivable,Active,2021-01-01,,0.0,USD,Customer receivable account (Camping),SampleGen
91c65720-4824-47ef-88c2-a3ae2020ffa3,ACC-Camping-1084,CID-085,Receivable,Active,2021-01-01,,0.0,USD,Customer receivable account (Camping),SampleGen
8cab0420-eb15-4a7d-b9aa-b008c79746f0,ACC-Camping-1085,CID-086,Receivable,Active,2021-01-01,,0.0,USD,Customer receivable account (Camping),SampleGen
0d5ad005-a86f-42ac-80c3-c7c4ad0e88cc,ACC-Camping-1086,CID-087,Receivable,Active,2021-01-01,,0.0,USD,Customer receivable account (Camping),SampleGen
dab488ea-e9ab-4ee9-95f7-626a4445c0ac,ACC-Camping-1087,CID-088,Receivable,Active,2021-01-01,,0.0,USD,Customer receivable account (Camping),SampleGen
f13930ea-ed99-484d-b792-11de13d50983,ACC-Camping-1088,CID-089,Receivable,Active,2021-01-01,,0.0,USD,Customer receivable account (Camping),SampleGen
93c4bb8f-43fa-4450-8008-1d167d153c92,ACC-Camping-1089,CID-090,Receivable,Active,2021-01-01,,0.0,USD,Customer receivable account (Camping),SampleGen
a18bacf6-83f2-46eb-a8e6-71ca8969c6ff,ACC-Camping-1090,CID-091,Receivable,Active,2021-01-01,,0.0,USD,Customer receivable account (Camping),SampleGen
8af2ebe5-bc1f-4c0b-ab41-2d082cf0aa77,ACC-Camping-1091,CID-092,Receivable,Active,2021-01-01,,0.0,USD,Customer receivable account (Camping),SampleGen
e53f1210-e696-467c-bc63-e529df0452a7,ACC-Camping-1092,CID-093,Receivable,Active,2021-01-01,,0.0,USD,Customer receivable account (Camping),SampleGen
db386c5a-3b16-43b6-a529-ff93eaab7679,ACC-Camping-1093,CID-094,Receivable,Active,2021-01-01,,0.0,USD,Customer receivable account (Camping),SampleGen
4ec99d98-4e96-4552-9a8e-b07d85adc961,ACC-Camping-1094,CID-095,Receivable,Active,2021-01-01,,0.0,USD,Customer receivable account (Camping),SampleGen
07f69a4e-cb60-4982-976d-ade21b8ecd2c,ACC-Camping-1095,CID-096,Receivable,Active,2021-01-01,,0.0,USD,Customer receivable account (Camping),SampleGen
ba80ffeb-ebd0-4465-a69c-dcc93533048c,ACC-Camping-1096,CID-097,Receivable,Active,2021-01-01,,0.0,USD,Customer receivable account (Camping),SampleGen
87f62ca0-3b32-4df5-8918-d1c32280cb98,ACC-Camping-1097,CID-098,Receivable,Active,2021-01-01,,0.0,USD,Customer receivable account (Camping),SampleGen
36edb80d-fb16-487b-bafe-558b786b6ee5,ACC-Camping-1098,CID-099,Receivable,Active,2021-01-01,,0.0,USD,Customer receivable account (Camping),SampleGen
19d7ac8b-c1d4-42a8-b975-f142285f9721,ACC-Camping-1099,CID-100,Receivable,Active,2021-01-01,,0.0,USD,Customer receivable account (Camping),SampleGen
d7ac3d04-898c-46b0-8edf-27c460afbc34,ACC-Camping-1100,CID-101,Receivable,Active,2021-01-01,,0.0,USD,Customer receivable account (Camping),SampleGen
a3c5455f-f7cd-4356-be4c-d2c535e93a5c,ACC-Camping-1101,CID-102,Receivable,Active,2021-01-01,,0.0,USD,Customer receivable account (Camping),SampleGen
4e816546-bf8c-4a34-b224-6f8c582f9cf4,ACC-Camping-1102,CID-103,Receivable,Active,2021-01-01,,0.0,USD,Customer receivable account (Camping),SampleGen
3403fcf2-9224-4d15-a5bb-915c0c0f6df0,ACC-Camping-1103,CID-104,Receivable,Active,2021-01-01,,0.0,USD,Customer receivable account (Camping),SampleGen
be268be3-778e-44a9-9004-44ef50f72271,ACC-Camping-1104,CID-105,Receivable,Active,2021-01-01,,0.0,USD,Customer receivable account (Camping),SampleGen
47fc18db-385a-47a6-b677-c99feab43760,ACC-Camping-1105,CID-106,Receivable,Active,2021-01-01,,0.0,USD,Customer receivable account (Camping),SampleGen
36c95c0c-34e8-4df9-b0aa-05c1adadf5ef,ACC-Camping-1106,CID-107,Receivable,Active,2021-01-01,,0.0,USD,Customer receivable account (Camping),SampleGen
2a7b348b-2e56-4055-832a-d77041f279a3,ACC-Camping-1107,CID-108,Receivable,Active,2021-01-01,,0.0,USD,Customer receivable account (Camping),SampleGen
3e1ef951-b868-453c-ac10-6f3ffda666fe,ACC-Camping-1108,CID-109,Receivable,Active,2021-01-01,,0.0,USD,Customer receivable account (Camping),SampleGen
9b2171de-b5f2-45df-a90d-582a6fad20b5,ACC-Camping-1109,CID-110,Receivable,Active,2021-01-01,,0.0,USD,Customer receivable account (Camping),SampleGen
51e9fb11-5de9-47f1-9ec0-f38e48cc6380,ACC-Camping-1110,CID-111,Receivable,Active,2021-01-01,,0.0,USD,Customer receivable account (Camping),SampleGen
77d8ac75-de54-4331-9e71-9dcafd1ef887,ACC-Camping-1111,CID-112,Receivable,Active,2021-01-01,,0.0,USD,Customer receivable account (Camping),SampleGen
5b476fe1-adb7-457a-9907-32f4727fb8ef,ACC-Camping-1112,CID-113,Receivable,Active,2021-01-01,,0.0,USD,Customer receivable account (Camping),SampleGen
fc02a24c-c431-4406-add5-d529ca128962,ACC-Camping-1113,CID-114,Receivable,Active,2021-01-01,,0.0,USD,Customer receivable account (Camping),SampleGen
d528a78c-0c0e-4229-9a09-8f1ad13087ef,ACC-Camping-1114,CID-115,Receivable,Active,2021-01-01,,0.0,USD,Customer receivable account (Camping),SampleGen
9f99e845-7e08-4e39-95a2-2fcb5b4db172,ACC-Camping-1115,CID-116,Receivable,Active,2021-01-01,,0.0,USD,Customer receivable account (Camping),SampleGen
ff5f372c-5603-4f10-ad4f-d72427aeb9d8,ACC-Camping-1116,CID-117,Receivable,Active,2021-01-01,,0.0,USD,Customer receivable account (Camping),SampleGen
ba22c625-b281-42bd-bdef-b0dca2928624,ACC-Camping-1117,CID-118,Receivable,Active,2021-01-01,,0.0,USD,Customer receivable account (Camping),SampleGen
70ef1fee-e80c-432d-8605-70674ea8f340,ACC-Camping-1118,CID-119,Receivable,Active,2021-01-01,,0.0,USD,Customer receivable account (Camping),SampleGen
564377c7-9cb0-42dd-b12f-bd60b70bb651,ACC-Camping-1119,CID-120,Receivable,Active,2021-01-01,,0.0,USD,Customer receivable account (Camping),SampleGen
2d760886-462f-4fbc-98e0-4df88ccb46d6,ACC-Camping-1120,CID-121,Receivable,Active,2021-01-01,,0.0,USD,Customer receivable account (Camping),SampleGen
55678edd-afdb-4434-b5cd-8572e6a3c413,ACC-Camping-1121,CID-122,Receivable,Active,2021-01-01,,0.0,USD,Customer receivable account (Camping),SampleGen
49620154-860e-4062-8269-2ca1236382fa,ACC-Camping-1122,CID-123,Receivable,Active,2021-01-01,,0.0,USD,Customer receivable account (Camping),SampleGen
cab4ca4d-598a-4b0b-962e-a1823c44b73d,ACC-Camping-1123,CID-124,Receivable,Active,2021-01-01,,0.0,USD,Customer receivable account (Camping),SampleGen
542ed79e-787c-42f4-8dcd-6668a5f95a21,ACC-Camping-1124,CID-125,Receivable,Active,2021-01-01,,0.0,USD,Customer receivable account (Camping),SampleGen
a00953bd-3d8f-416c-94e6-97a4eafd4f84,ACC-Camping-1125,CID-126,Receivable,Active,2021-01-01,,0.0,USD,Customer receivable account (Camping),SampleGen
7567c305-0562-444e-a4e9-eb82bcda599c,ACC-Camping-1126,CID-127,Receivable,Active,2021-01-01,,0.0,USD,Customer receivable account (Camping),SampleGen
ef2497a9-2cc1-459b-b48d-d84cdd9c5b34,ACC-Camping-1127,CID-128,Receivable,Active,2021-01-01,,0.0,USD,Customer receivable account (Camping),SampleGen
765692e7-8c2f-4445-8bd6-1c99df9f2aff,ACC-Camping-1128,CID-129,Receivable,Active,2021-01-01,,0.0,USD,Customer receivable account (Camping),SampleGen
06faca66-74c5-4e07-b27b-8d224f81e8a2,ACC-Camping-1129,CID-130,Receivable,Active,2021-01-01,,0.0,USD,Customer receivable account (Camping),SampleGen
bc81e725-0906-42f6-9d0c-00bdfa2128db,ACC-Camping-1130,CID-131,Receivable,Active,2021-01-01,,0.0,USD,Customer receivable account (Camping),SampleGen
e217f592-c174-45cd-87bc-09e021106e53,ACC-Camping-1131,CID-132,Receivable,Active,2021-01-01,,0.0,USD,Customer receivable account (Camping),SampleGen
557569d0-af61-4ec2-8a15-7da7f8879cd3,ACC-Camping-1132,CID-133,Receivable,Active,2021-01-01,,0.0,USD,Customer receivable account (Camping),SampleGen
75d25380-7777-42b4-914d-2f06d0115110,ACC-Camping-1133,CID-134,Receivable,Active,2021-01-01,,0.0,USD,Customer receivable account (Camping),SampleGen
46c88834-1bf2-4868-b305-1dfd85161345,ACC-Camping-1134,CID-135,Receivable,Active,2021-01-01,,0.0,USD,Customer receivable account (Camping),SampleGen
d99cd107-b0be-4365-86aa-bdf27980e29d,ACC-Camping-1135,CID-136,Receivable,Active,2021-01-01,,0.0,USD,Customer receivable account (Camping),SampleGen
bd490a60-081a-4345-a6ad-d7fa3f22a1ed,ACC-Camping-1136,CID-137,Receivable,Active,2021-01-01,,0.0,USD,Customer receivable account (Camping),SampleGen
4b7fb887-f22a-42f6-b16a-e92dd5676982,ACC-Camping-1137,CID-138,Receivable,Active,2021-01-01,,0.0,USD,Customer receivable account (Camping),SampleGen
327de0f1-1599-4b80-93c5-633ccc2f7f22,ACC-Camping-1138,CID-139,Receivable,Active,2021-01-01,,0.0,USD,Customer receivable account (Camping),SampleGen
100104df-4d22-41d9-b88b-ec5a17104225,ACC-Camping-1139,CID-140,Receivable,Active,2021-01-01,,0.0,USD,Customer receivable account (Camping),SampleGen
8ca3e1d2-22e0-498a-9dc6-79e31f20b273,ACC-Camping-1140,CID-141,Receivable,Active,2021-01-01,,0.0,USD,Customer receivable account (Camping),SampleGen
09bbf20c-9381-419f-858d-9af357c590ec,ACC-Camping-1141,CID-142,Receivable,Active,2021-01-01,,0.0,USD,Customer receivable account (Camping),SampleGen
702a46f5-3d2e-444c-9c30-4eb96ae6157b,ACC-Camping-1142,CID-143,Receivable,Active,2021-01-01,,0.0,USD,Customer receivable account (Camping),SampleGen
9f9ee91e-aa0e-475d-8b1c-88ea5894a768,ACC-Camping-1143,CID-144,Receivable,Active,2021-01-01,,0.0,USD,Customer receivable account (Camping),SampleGen
9fc00194-0234-4f90-b174-ab39de14c20f,ACC-Camping-1144,CID-145,Receivable,Active,2021-01-01,,0.0,USD,Customer receivable account (Camping),SampleGen
8162d929-23c7-4ff7-84dc-2875617eeada,ACC-Camping-1145,CID-146,Receivable,Active,2021-01-01,,0.0,USD,Customer receivable account (Camping),SampleGen
d1dc66c5-d30b-447f-aefd-6d80f65d9f67,ACC-Camping-1146,CID-147,Receivable,Active,2021-01-01,,0.0,USD,Customer receivable account (Camping),SampleGen
90d8d91f-052f-44e5-b7a9-b8a103334643,ACC-Camping-1147,CID-148,Receivable,Active,2021-01-01,,0.0,USD,Customer receivable account (Camping),SampleGen
e5037782-9b04-4590-8e71-707e633353ff,ACC-Camping-1148,CID-149,Receivable,Active,2021-01-01,,0.0,USD,Customer receivable account (Camping),SampleGen
c30f6982-272c-484d-bc13-4ebc53091bf4,ACC-Camping-1149,CID-150,Receivable,Active,2021-01-01,,0.0,USD,Customer receivable account (Camping),SampleGen
694e9e56-b2c7-442e-9ecb-da3fcc0dfd4c,ACC-Camping-1150,CID-151,Receivable,Active,2021-01-01,,0.0,USD,Customer receivable account (Camping),SampleGen
74aeb0d0-88b7-45d8-a718-5132b528314e,ACC-Camping-1151,CID-152,Receivable,Active,2021-01-01,,0.0,USD,Customer receivable account (Camping),SampleGen
4c60fd5c-3c06-4722-9a3a-8ca14ca19a9c,ACC-Camping-1152,CID-153,Receivable,Active,2021-01-01,,0.0,USD,Customer receivable account (Camping),SampleGen
8f2a1c07-b9a8-46fd-a1b2-5e663171a19e,ACC-Camping-1153,CID-154,Receivable,Active,2021-01-01,,0.0,USD,Customer receivable account (Camping),SampleGen
fb16c2a9-86b6-4c54-9665-23929d6b9384,ACC-Camping-1154,CID-155,Receivable,Active,2021-01-01,,0.0,USD,Customer receivable account (Camping),SampleGen
cf2d07e0-80ea-43a7-9afc-aec2df560d69,ACC-Camping-1155,CID-156,Receivable,Active,2021-01-01,,0.0,USD,Customer receivable account (Camping),SampleGen
420e82fe-39b9-41b5-b898-5e0bcd99419d,ACC-Camping-1156,CID-157,Receivable,Active,2021-01-01,,0.0,USD,Customer receivable account (Camping),SampleGen
d6c74d5a-6a40-4030-a6b5-2dbcbcccb49f,ACC-Camping-1157,CID-158,Receivable,Active,2021-01-01,,0.0,USD,Customer receivable account (Camping),SampleGen
0401f365-be6a-4d15-b7bc-76d8146fbfae,ACC-Camping-1158,CID-159,Receivable,Active,2021-01-01,,0.0,USD,Customer receivable account (Camping),SampleGen
ded1934e-cb9a-4ac0-acf5-998f54638d04,ACC-Camping-1159,CID-160,Receivable,Active,2021-01-01,,0.0,USD,Customer receivable account (Camping),SampleGen
703670a7-f89d-4e3a-8986-0d35d99de654,ACC-Camping-1160,CID-161,Receivable,Active,2021-01-01,,0.0,USD,Customer receivable account (Camping),SampleGen
1222df76-4ab3-4498-a4ea-e3a7a52e948d,ACC-Camping-1161,CID-162,Receivable,Active,2021-01-01,,0.0,USD,Customer receivable account (Camping),SampleGen
5bcae580-90d7-474c-90cd-9616896940af,ACC-Camping-1162,CID-163,Receivable,Active,2021-01-01,,0.0,USD,Customer receivable account (Camping),SampleGen
3d5ec7d2-b0e0-4789-ac31-a987a85ca4b1,ACC-Camping-1163,CID-164,Receivable,Active,2021-01-01,,0.0,USD,Customer receivable account (Camping),SampleGen
f038e5d0-8885-46cc-9a33-09ee0387ffbb,ACC-Camping-1164,CID-165,Receivable,Active,2021-01-01,,0.0,USD,Customer receivable account (Camping),SampleGen
fce78776-380d-4c3a-891c-81c88c02cf89,ACC-Camping-1165,CID-166,Receivable,Active,2021-01-01,,0.0,USD,Customer receivable account (Camping),SampleGen
80afdb6d-5fe8-4e70-ab7a-af6445d67405,ACC-Camping-1166,CID-167,Receivable,Active,2021-01-01,,0.0,USD,Customer receivable account (Camping),SampleGen
14e44d73-3198-42cd-8750-3fe595cc1827,ACC-Camping-1167,CID-168,Receivable,Active,2021-01-01,,0.0,USD,Customer receivable account (Camping),SampleGen
e64e19bd-0467-4c1d-8723-4ab7d708c3dd,ACC-Camping-1168,CID-169,Receivable,Active,2021-01-01,,0.0,USD,Customer receivable account (Camping),SampleGen
00b8c4bf-b3d0-4170-898f-19b7cab1e864,ACC-Camping-1169,CID-170,Receivable,Active,2021-01-01,,0.0,USD,Customer receivable account (Camping),SampleGen
269ffe73-4cd3-4c6e-9fad-16f6d20e0030,ACC-Camping-1170,CID-171,Receivable,Active,2021-01-01,,0.0,USD,Customer receivable account (Camping),SampleGen
34b02ff5-b3a4-469c-9bc9-ac79d2dbbd9f,ACC-Camping-1171,CID-172,Receivable,Active,2021-01-01,,0.0,USD,Customer receivable account (Camping),SampleGen
7f6dbc93-20a7-4f3f-a656-11053ff97afa,ACC-Camping-1172,CID-173,Receivable,Active,2021-01-01,,0.0,USD,Customer receivable account (Camping),SampleGen
618ad3a9-e8c5-4429-b893-4abf4911bb61,ACC-Camping-1173,CID-174,Receivable,Active,2021-01-01,,0.0,USD,Customer receivable account (Camping),SampleGen
5a8fcf42-f8d8-44af-b49c-ea7f4d721f50,ACC-Camping-1174,CID-175,Receivable,Active,2021-01-01,,0.0,USD,Customer receivable account (Camping),SampleGen
b9c3ed59-d229-4f43-b06b-3ab041ec6d70,ACC-Camping-1175,CID-176,Receivable,Active,2021-01-01,,0.0,USD,Customer receivable account (Camping),SampleGen
88bbf1e6-bee8-46a6-8c64-6606607ba301,ACC-Camping-1176,CID-177,Receivable,Active,2021-01-01,,0.0,USD,Customer receivable account (Camping),SampleGen
2e93f28e-c8a5-4335-9ff5-fa5d5780038a,ACC-Camping-1177,CID-178,Receivable,Active,2021-01-01,,0.0,USD,Customer receivable account (Camping),SampleGen
5fd15d17-731a-4dad-af17-160125166f8e,ACC-Camping-1178,CID-179,Receivable,Active,2021-01-01,,0.0,USD,Customer receivable account (Camping),SampleGen
7d07ab9f-1f0f-41a8-a8b0-687848a59a44,ACC-Camping-1179,CID-180,Receivable,Active,2021-01-01,,0.0,USD,Customer receivable account (Camping),SampleGen
47217ef5-2663-4505-a962-45eadcd6e7be,ACC-Camping-1180,CID-181,Receivable,Active,2021-01-01,,0.0,USD,Customer receivable account (Camping),SampleGen
acf2ca25-ecf0-44c2-b27e-66589d04e03d,ACC-Camping-1181,CID-182,Receivable,Active,2021-01-01,,0.0,USD,Customer receivable account (Camping),SampleGen
f200941a-6d28-4830-8540-0ac598ea9399,ACC-Camping-1182,CID-183,Receivable,Active,2021-01-01,,0.0,USD,Customer receivable account (Camping),SampleGen
b84d63c9-c061-46b2-a843-a598324609e8,ACC-Camping-1183,CID-184,Receivable,Active,2021-01-01,,0.0,USD,Customer receivable account (Camping),SampleGen
231a3b8d-e011-4c5d-a031-a463a3877ec0,ACC-Camping-1184,CID-185,Receivable,Active,2021-01-01,,0.0,USD,Customer receivable account (Camping),SampleGen
8f44f411-96d9-4cfc-abf0-1a78fd7aa418,ACC-Camping-1185,CID-186,Receivable,Active,2021-01-01,,0.0,USD,Customer receivable account (Camping),SampleGen
4800d7a4-55df-4acf-916b-46b89c3e66b0,ACC-Camping-1186,CID-187,Receivable,Active,2021-01-01,,0.0,USD,Customer receivable account (Camping),SampleGen
c120fd7d-1d6e-482c-be49-91ca9489e27c,ACC-Camping-1187,CID-188,Receivable,Active,2021-01-01,,0.0,USD,Customer receivable account (Camping),SampleGen
29cd3061-00c6-48ee-a3fe-343dbb4f6f4d,ACC-Camping-1188,CID-189,Receivable,Active,2021-01-01,,0.0,USD,Customer receivable account (Camping),SampleGen
dbb2ce80-855d-4ce5-a243-5ba2641495e6,ACC-Camping-1189,CID-190,Receivable,Active,2021-01-01,,0.0,USD,Customer receivable account (Camping),SampleGen
ffc82d36-d299-46b4-8f9f-39c593ad23a2,ACC-Camping-1190,CID-191,Receivable,Active,2021-01-01,,0.0,USD,Customer receivable account (Camping),SampleGen
70d833db-c7e8-4766-9698-81d5be870c1e,ACC-Camping-1191,CID-192,Receivable,Active,2021-01-01,,0.0,USD,Customer receivable account (Camping),SampleGen
40ca12f8-beb8-4b70-819e-6b020091549e,ACC-Camping-1192,CID-193,Receivable,Active,2021-01-01,,0.0,USD,Customer receivable account (Camping),SampleGen
6fe67289-f038-43a2-a6ae-0fbe4d1136e1,ACC-Camping-1193,CID-194,Receivable,Active,2021-01-01,,0.0,USD,Customer receivable account (Camping),SampleGen
477dd513-6977-44ab-9822-1975f080a46a,ACC-Camping-1194,CID-195,Receivable,Active,2021-01-01,,0.0,USD,Customer receivable account (Camping),SampleGen
4175c375-866b-4203-8a62-dab9dcebd62d,ACC-Camping-1195,CID-196,Receivable,Active,2021-01-01,,0.0,USD,Customer receivable account (Camping),SampleGen
5d9fd0b7-88c8-42a4-9e11-37e31e3e21cd,ACC-Camping-1196,CID-197,Receivable,Active,2021-01-01,,0.0,USD,Customer receivable account (Camping),SampleGen
0d587975-3d65-4384-a221-053821261c83,ACC-Camping-1197,CID-198,Receivable,Active,2021-01-01,,0.0,USD,Customer receivable account (Camping),SampleGen
a5f99878-93d3-4c24-a9f7-86a8bdb27088,ACC-Camping-1198,CID-199,Receivable,Active,2021-01-01,,0.0,USD,Customer receivable account (Camping),SampleGen
b0daa48f-dc51-453b-b402-ddae4fe9e31b,ACC-Camping-1199,CID-200,Receivable,Active,2021-01-01,,0.0,USD,Customer receivable account (Camping),SampleGen
371151d8-256e-49ce-8979-7dea3b599f53,ACC-Camping-1200,CID-201,Receivable,Active,2021-01-01,,0.0,USD,Customer receivable account (Camping),SampleGen
0f775428-d4cb-4cce-ac3c-f5c7b911c525,ACC-Camping-1201,CID-202,Receivable,Active,2021-01-01,,0.0,USD,Customer receivable account (Camping),SampleGen
542a8801-dff7-448e-8ac2-915345a8a2b2,ACC-Camping-1202,CID-203,Receivable,Active,2021-01-01,,0.0,USD,Customer receivable account (Camping),SampleGen
6beb9e91-0193-46b1-b865-4b3c1bbc0e89,ACC-Camping-1203,CID-204,Receivable,Active,2021-01-01,,0.0,USD,Customer receivable account (Camping),SampleGen
9d655c9d-2950-4a0d-b378-5c9ba8d4a350,ACC-Camping-1204,CID-205,Receivable,Active,2021-01-01,,0.0,USD,Customer receivable account (Camping),SampleGen
91936867-7bf7-4432-836b-766fac5a6e9b,ACC-Camping-1205,CID-206,Receivable,Active,2021-01-01,,0.0,USD,Customer receivable account (Camping),SampleGen
1648751a-91f8-4f63-9beb-4a4140831e71,ACC-Camping-1206,CID-207,Receivable,Active,2021-01-01,,0.0,USD,Customer receivable account (Camping),SampleGen
49fc2e4d-d054-4fa7-8a4b-7886fec8a594,ACC-Camping-1207,CID-208,Receivable,Active,2021-01-01,,0.0,USD,Customer receivable account (Camping),SampleGen
66b31d6a-7d57-42d4-b0c1-34f9352b9ade,ACC-Camping-1208,CID-209,Receivable,Active,2021-01-01,,0.0,USD,Customer receivable account (Camping),SampleGen
52775216-cff6-4a76-8da3-ab0403ae9afa,ACC-Camping-1209,CID-210,Receivable,Active,2021-01-01,,0.0,USD,Customer receivable account (Camping),SampleGen
d11c167c-c72c-4e0b-8da9-6dcf7402562d,ACC-Camping-1210,CID-211,Receivable,Active,2021-01-01,,0.0,USD,Customer receivable account (Camping),SampleGen
77c6e7a1-1de2-418b-b1ba-fa2515da6f6c,ACC-Camping-1211,CID-212,Receivable,Active,2021-01-01,,0.0,USD,Customer receivable account (Camping),SampleGen
01df26dd-c617-4864-88fa-09167aec94a1,ACC-Camping-1212,CID-213,Receivable,Active,2021-01-01,,0.0,USD,Customer receivable account (Camping),SampleGen
71df2b4c-00c2-4161-a1bb-4894ece732f1,ACC-Camping-1213,CID-214,Receivable,Active,2021-01-01,,0.0,USD,Customer receivable account (Camping),SampleGen
a731b99c-9c2a-4712-bc26-486b4d3d09c4,ACC-Camping-1214,CID-215,Receivable,Active,2021-01-01,,0.0,USD,Customer receivable account (Camping),SampleGen
796f3f4e-7c65-42a0-9a3f-0c5865639012,ACC-Camping-1215,CID-216,Receivable,Active,2021-01-01,,0.0,USD,Customer receivable account (Camping),SampleGen
9275ac94-01fd-4220-99e1-8b8017ae6ba2,ACC-Camping-1216,CID-217,Receivable,Active,2021-01-01,,0.0,USD,Customer receivable account (Camping),SampleGen
6920b45f-0616-4214-88e6-7ba5b76a92a4,ACC-Camping-1217,CID-218,Receivable,Active,2021-01-01,,0.0,USD,Customer receivable account (Camping),SampleGen
aecf06d3-6c3f-4380-876d-48a6185afb3c,ACC-Camping-1218,CID-219,Receivable,Active,2021-01-01,,0.0,USD,Customer receivable account (Camping),SampleGen
351f3456-93fa-4e47-96df-fbdd2b9cb47d,ACC-Camping-1219,CID-220,Receivable,Active,2021-01-01,,0.0,USD,Customer receivable account (Camping),SampleGen
b9243845-2ad5-4902-99ef-733bbb505fb9,ACC-Camping-1220,CID-221,Receivable,Active,2021-01-01,,0.0,USD,Customer receivable account (Camping),SampleGen
e67e3ba9-899a-4a57-96d4-3532fe6c0597,ACC-Camping-1221,CID-222,Receivable,Active,2021-01-01,,0.0,USD,Customer receivable account (Camping),SampleGen
6b72c8b9-ca54-4780-9582-92c2780b6895,ACC-Camping-1222,CID-223,Receivable,Active,2021-01-01,,0.0,USD,Customer receivable account (Camping),SampleGen
fb9adb93-8ba0-4cbe-9fe3-01aced8e600c,ACC-Camping-1223,CID-224,Receivable,Active,2021-01-01,,0.0,USD,Customer receivable account (Camping),SampleGen
e69216ed-46b7-4eeb-9234-f8988c902857,ACC-Camping-1224,CID-225,Receivable,Active,2021-01-01,,0.0,USD,Customer receivable account (Camping),SampleGen
811d5451-3104-4dda-b91c-f30597edda01,ACC-Camping-1225,CID-226,Receivable,Active,2021-01-01,,0.0,USD,Customer receivable account (Camping),SampleGen
e3555311-274b-479e-a920-d45c8acd04ce,ACC-Camping-1226,CID-227,Receivable,Active,2021-01-01,,0.0,USD,Customer receivable account (Camping),SampleGen
80515f8f-3825-4900-92ce-b4aa2cef1856,ACC-Camping-1227,CID-228,Receivable,Active,2021-01-01,,0.0,USD,Customer receivable account (Camping),SampleGen
61d5d37b-7a51-4626-97ac-0dceb07f451d,ACC-Camping-1228,CID-229,Receivable,Active,2021-01-01,,0.0,USD,Customer receivable account (Camping),SampleGen
137b159c-cea8-4c5a-a5eb-641b649fd9a7,ACC-Camping-1229,CID-230,Receivable,Active,2021-01-01,,0.0,USD,Customer receivable account (Camping),SampleGen
f27e0f1d-a044-4e00-b2bf-a4e4b8dcd792,ACC-Camping-1230,CID-231,Receivable,Active,2021-01-01,,0.0,USD,Customer receivable account (Camping),SampleGen
ba144c6b-9eef-43f5-993e-235aec71a8a4,ACC-Camping-1231,CID-232,Receivable,Active,2021-01-01,,0.0,USD,Customer receivable account (Camping),SampleGen
c4ee2ab4-5439-43e9-8906-7535ac654392,ACC-Camping-1232,CID-233,Receivable,Active,2021-01-01,,0.0,USD,Customer receivable account (Camping),SampleGen
449ad8df-72ea-42a9-8c4c-ee7a21fcde88,ACC-Camping-1233,CID-234,Receivable,Active,2021-01-01,,0.0,USD,Customer receivable account (Camping),SampleGen
84a8cfff-43e8-4f63-90d2-050ea6bf04f8,ACC-Camping-1234,CID-235,Receivable,Active,2021-01-01,,0.0,USD,Customer receivable account (Camping),SampleGen
17399e27-1701-42ce-93bf-f8a11f45752e,ACC-Camping-1235,CID-236,Receivable,Active,2021-01-01,,0.0,USD,Customer receivable account (Camping),SampleGen
1b092ba0-31fd-4a8f-b2e2-176a31f55f26,ACC-Camping-1236,CID-237,Receivable,Active,2021-01-01,,0.0,USD,Customer receivable account (Camping),SampleGen
536a5104-d9f9-475b-80cf-22fb448edc96,ACC-Camping-1237,CID-238,Receivable,Active,2021-01-01,,0.0,USD,Customer receivable account (Camping),SampleGen
ab9b1cca-a042-4a32-bad7-eda453bef5c2,ACC-Camping-1238,CID-239,Receivable,Active,2021-01-01,,0.0,USD,Customer receivable account (Camping),SampleGen
6e027fc6-0306-4500-abcd-4327e0bd5bf4,ACC-Camping-1239,CID-240,Receivable,Active,2021-01-01,,0.0,USD,Customer receivable account (Camping),SampleGen
55b908c4-ede5-41f7-8200-fa359ea1af0e,ACC-Camping-1240,CID-241,Receivable,Active,2021-01-01,,0.0,USD,Customer receivable account (Camping),SampleGen
f773d4ec-21ec-4930-800e-ad9b4853261a,ACC-Camping-1241,CID-242,Receivable,Active,2021-01-01,,0.0,USD,Customer receivable account (Camping),SampleGen
6028eb1b-f070-4fff-a5f6-8bbdc0cf05b3,ACC-Camping-1242,CID-243,Receivable,Active,2021-01-01,,0.0,USD,Customer receivable account (Camping),SampleGen
f85a327e-099d-4136-ab6e-e7d70a2430f4,ACC-Camping-1243,CID-244,Receivable,Active,2021-01-01,,0.0,USD,Customer receivable account (Camping),SampleGen
013f1b7e-9145-4358-9dfa-76fea7335106,ACC-Camping-1244,CID-245,Receivable,Active,2021-01-01,,0.0,USD,Customer receivable account (Camping),SampleGen
b65cd977-f140-4a14-a0ca-0f0939d0bb2b,ACC-Camping-1245,CID-246,Receivable,Active,2021-01-01,,0.0,USD,Customer receivable account (Camping),SampleGen
b7d6533a-e527-40ce-8721-80f83d80a749,ACC-Camping-1246,CID-247,Receivable,Active,2021-01-01,,0.0,USD,Customer receivable account (Camping),SampleGen
b103a0aa-28d5-45bf-a826-41f61859354a,ACC-Camping-1247,CID-248,Receivable,Active,2021-01-01,,0.0,USD,Customer receivable account (Camping),SampleGen
f2ec687a-92ae-4374-a70e-463e34a29ac7,ACC-Camping-1248,CID-249,Receivable,Active,2021-01-01,,0.0,USD,Customer receivable account (Camping),SampleGen
9acc8b95-a303-4634-8df7-7d9e82c21123,ACC-Camping-1249,CID-250,Receivable,Active,2021-01-01,,0.0,USD,Customer receivable account (Camping),SampleGen
715822bd-7721-4764-b466-e6c637fcf65e,ACC-Camping-1250,CID-251,Receivable,Active,2021-01-01,,0.0,USD,Customer receivable account (Camping),SampleGen
bc8e4d96-378d-472b-a8b4-fa6c9d119e63,ACC-Camping-1251,CID-252,Receivable,Active,2021-01-01,,0.0,USD,Customer receivable account (Camping),SampleGen
4724eb67-c9e2-49ac-b1a8-cd7447590c22,ACC-Camping-1252,CID-253,Receivable,Active,2021-01-01,,0.0,USD,Customer receivable account (Camping),SampleGen
49c17f4b-dc7a-408a-981b-e90b3cf732cb,ACC-Camping-1253,CID-254,Receivable,Active,2021-01-01,,0.0,USD,Customer receivable account (Camping),SampleGen
8513c9ef-49ed-41f2-a174-4741595e8d61,ACC-Camping-1254,CID-255,Receivable,Active,2021-01-01,,0.0,USD,Customer receivable account (Camping),SampleGen
1c689f9e-a9cd-4a49-9839-957f9f84fbeb,ACC-Camping-1255,CID-256,Receivable,Active,2021-01-01,,0.0,USD,Customer receivable account (Camping),SampleGen
dbc4d5e4-218e-4278-80a3-216af1fb80cb,ACC-Camping-1256,CID-257,Receivable,Active,2021-01-01,,0.0,USD,Customer receivable account (Camping),SampleGen
20d7e896-8568-4c92-8606-705c0a52e4cb,ACC-Camping-1257,CID-258,Receivable,Active,2021-01-01,,0.0,USD,Customer receivable account (Camping),SampleGen
faedf65b-88f7-493c-88ab-2da3ab876855,ACC-Camping-1258,CID-259,Receivable,Active,2021-01-01,,0.0,USD,Customer receivable account (Camping),SampleGen
5a719077-5585-4ef7-a8e0-37e5faf21a51,ACC-Camping-1259,CID-260,Receivable,Active,2021-01-01,,0.0,USD,Customer receivable account (Camping),SampleGen
e249b9c1-939f-4f17-b445-1cc604cc0cbf,ACC-Camping-1260,CID-261,Receivable,Active,2021-01-01,,0.0,USD,Customer receivable account (Camping),SampleGen
014f612b-e6b4-4f1f-bbf6-9865fdf5bc78,ACC-Camping-1261,CID-262,Receivable,Active,2021-01-01,,0.0,USD,Customer receivable account (Camping),SampleGen
b55cbd8b-de9c-4b85-b242-218527e539d5,ACC-Camping-1262,CID-263,Receivable,Active,2021-01-01,,0.0,USD,Customer receivable account (Camping),SampleGen
30fde1d6-f445-4f8d-b929-db7d45044117,ACC-Camping-1263,CID-264,Receivable,Active,2021-01-01,,0.0,USD,Customer receivable account (Camping),SampleGen
d7f23fcd-e581-4c97-9cf2-7bf875d25267,ACC-Camping-1264,CID-265,Receivable,Active,2021-01-01,,0.0,USD,Customer receivable account (Camping),SampleGen
ab3bb64f-1bf7-4163-b840-94ebd85ee741,ACC-Camping-1265,CID-266,Receivable,Active,2021-01-01,,0.0,USD,Customer receivable account (Camping),SampleGen
520650f2-8581-4a57-a61f-d7bb5f826086,ACC-Camping-1266,CID-267,Receivable,Active,2021-01-01,,0.0,USD,Customer receivable account (Camping),SampleGen
29e41e13-b788-487b-8170-2a3c841385ce,ACC-Camping-1267,CID-268,Receivable,Active,2021-01-01,,0.0,USD,Customer receivable account (Camping),SampleGen
f7187c1e-4461-4ba3-8284-8c72ddd9b85b,ACC-Camping-1268,CID-269,Receivable,Active,2021-01-01,,0.0,USD,Customer receivable account (Camping),SampleGen
3aebadab-e8cc-40ba-907a-32e1826e039f,ACC-Camping-1269,CID-270,Receivable,Active,2021-01-01,,0.0,USD,Customer receivable account (Camping),SampleGen
3431fad1-f12f-4f08-a2d2-341d7768ea06,ACC-Camping-1270,CID-271,Receivable,Active,2021-01-01,,0.0,USD,Customer receivable account (Camping),SampleGen
86bf8d66-3df5-4fac-aeb4-0d821909ea7d,ACC-Camping-1271,CID-272,Receivable,Active,2021-01-01,,0.0,USD,Customer receivable account (Camping),SampleGen
8efc40e3-4693-4d5f-bb1d-886b091ed9c6,ACC-Camping-1272,CID-273,Receivable,Active,2021-01-01,,0.0,USD,Customer receivable account (Camping),SampleGen
91469576-0906-4659-b0cf-199dfe7662bc,ACC-Camping-1273,CID-274,Receivable,Active,2021-01-01,,0.0,USD,Customer receivable account (Camping),SampleGen
4e9b916c-fd9f-4e54-87cd-c977b80b688d,ACC-Camping-1274,CID-275,Receivable,Active,2021-01-01,,0.0,USD,Customer receivable account (Camping),SampleGen
f3b62f80-d03e-4c5c-8f0c-ec05838ef924,ACC-Camping-1275,CID-276,Receivable,Active,2021-01-01,,0.0,USD,Customer receivable account (Camping),SampleGen
15718726-1fb8-433f-a21d-565f667f4fec,ACC-Camping-1276,CID-277,Receivable,Active,2021-01-01,,0.0,USD,Customer receivable account (Camping),SampleGen
f09afd15-1646-4ef0-bba5-1a1060b9779d,ACC-Camping-1277,CID-278,Receivable,Active,2021-01-01,,0.0,USD,Customer receivable account (Camping),SampleGen
f0d9af34-d756-4253-94af-1cdfcd26a2eb,ACC-Camping-1278,CID-279,Receivable,Active,2021-01-01,,0.0,USD,Customer receivable account (Camping),SampleGen
71938f2c-cf49-48ed-8682-b0bb38a0843a,ACC-Camping-1279,CID-280,Receivable,Active,2021-01-01,,0.0,USD,Customer receivable account (Camping),SampleGen
5115a8b7-94af-457f-b200-88d97c732113,ACC-Camping-1280,CID-281,Receivable,Active,2021-01-01,,0.0,USD,Customer receivable account (Camping),SampleGen
89ba3bfc-2627-4779-92c6-da0cc5e074b6,ACC-Camping-1281,CID-282,Receivable,Active,2021-01-01,,0.0,USD,Customer receivable account (Camping),SampleGen
4c85c486-cbb8-4f64-a2c5-6a869b375736,ACC-Camping-1282,CID-283,Receivable,Active,2021-01-01,,0.0,USD,Customer receivable account (Camping),SampleGen
6a659900-93de-40a7-a828-c544a77a9c06,ACC-Camping-1283,CID-284,Receivable,Active,2021-01-01,,0.0,USD,Customer receivable account (Camping),SampleGen
4f76e54f-06e7-4926-928a-cf0c6da9783d,ACC-Camping-1284,CID-285,Receivable,Active,2021-01-01,,0.0,USD,Customer receivable account (Camping),SampleGen
ddfdf131-3f13-4191-b99a-155ee0a1a696,ACC-Camping-1285,CID-286,Receivable,Active,2021-01-01,,0.0,USD,Customer receivable account (Camping),SampleGen
c8483f4c-76e8-41c5-affd-809f9ff1ab7a,ACC-Camping-1286,CID-287,Receivable,Active,2021-01-01,,0.0,USD,Customer receivable account (Camping),SampleGen
e9c7ae9b-aeba-4f7c-af40-a69a6d625012,ACC-Camping-1287,CID-288,Receivable,Active,2021-01-01,,0.0,USD,Customer receivable account (Camping),SampleGen
ce762694-8343-4f2e-a3dd-d3700bb381c2,ACC-Camping-1288,CID-289,Receivable,Active,2021-01-01,,0.0,USD,Customer receivable account (Camping),SampleGen
090a11ca-30cd-4d29-bdd9-783a956c6baa,ACC-Camping-1289,CID-290,Receivable,Active,2021-01-01,,0.0,USD,Customer receivable account (Camping),SampleGen
80e8ee74-cea8-4d6f-8bbf-cd78cf8620c2,ACC-Camping-1290,CID-291,Receivable,Active,2021-01-01,,0.0,USD,Customer receivable account (Camping),SampleGen
d7bf3d17-1703-4ae7-87a9-8c53267d52d4,ACC-Camping-1291,CID-292,Receivable,Active,2021-01-01,,0.0,USD,Customer receivable account (Camping),SampleGen
cc1a8fce-bebe-4f81-8918-50c923a92c8c,ACC-Camping-1292,CID-293,Receivable,Active,2021-01-01,,0.0,USD,Customer receivable account (Camping),SampleGen
99fb4c64-36fc-42e7-bcae-bf52f8ecabaa,ACC-Camping-1293,CID-294,Receivable,Active,2021-01-01,,0.0,USD,Customer receivable account (Camping),SampleGen
f4cc3cb9-d38c-48de-9ca5-07d8ec9bb3d0,ACC-Camping-1294,CID-295,Receivable,Active,2021-01-01,,0.0,USD,Customer receivable account (Camping),SampleGen
de2d9a42-fdc5-4f79-a2ad-7f8da659954c,ACC-Camping-1295,CID-296,Receivable,Active,2021-01-01,,0.0,USD,Customer receivable account (Camping),SampleGen
778208d5-ab49-4fe1-8da8-51759a2137df,ACC-Camping-1296,CID-297,Receivable,Active,2021-01-01,,0.0,USD,Customer receivable account (Camping),SampleGen
ea810f02-1033-449f-b092-1c67435af6d4,ACC-Camping-1297,CID-298,Receivable,Active,2021-01-01,,0.0,USD,Customer receivable account (Camping),SampleGen
7d38edc9-a944-40b4-b9e8-0e8f0ecd81b5,ACC-Camping-1298,CID-299,Receivable,Active,2021-01-01,,0.0,USD,Customer receivable account (Camping),SampleGen
daccf39b-c6e5-4054-ae0d-7fdb9cb45f12,ACC-Camping-1299,CID-300,Receivable,Active,2021-01-01,,0.0,USD,Customer receivable account (Camping),SampleGen
5f0ced8b-3019-4137-aa20-01fe8c6f1041,ACC-Camping-1300,CID-301,Receivable,Active,2021-01-01,,0.0,USD,Customer receivable account (Camping),SampleGen
36f55291-399a-4bb5-8b78-284e778cf0e5,ACC-Camping-1301,CID-302,Receivable,Active,2021-01-01,,0.0,USD,Customer receivable account (Camping),SampleGen
4dca0d07-3d90-4a6b-a27f-6491edb043a0,ACC-Camping-1302,CID-303,Receivable,Active,2021-01-01,,0.0,USD,Customer receivable account (Camping),SampleGen
6eb34f81-1a8d-4bcb-addb-1dc6698562a3,ACC-Camping-1303,CID-304,Receivable,Active,2021-01-01,,0.0,USD,Customer receivable account (Camping),SampleGen
74f32d9d-a07a-4171-ab94-e9bc6bc9e990,ACC-Camping-1304,CID-305,Receivable,Active,2021-01-01,,0.0,USD,Customer receivable account (Camping),SampleGen
1cc0e725-fd56-403b-938b-3b874a491cc0,ACC-Camping-1305,CID-306,Receivable,Active,2021-01-01,,0.0,USD,Customer receivable account (Camping),SampleGen
70969964-eb95-4f15-98f8-08b4ad97f1f6,ACC-Camping-1306,CID-307,Receivable,Active,2021-01-01,,0.0,USD,Customer receivable account (Camping),SampleGen
07e0be7f-dc53-48f6-86cd-fb72e0ab355c,ACC-Camping-1307,CID-308,Receivable,Active,2021-01-01,,0.0,USD,Customer receivable account (Camping),SampleGen
0a96e8ea-66a3-4255-aa92-997b54587408,ACC-Camping-1308,CID-309,Receivable,Active,2021-01-01,,0.0,USD,Customer receivable account (Camping),SampleGen
7f5f7744-f910-41f1-a37b-ebe8044307de,ACC-Camping-1309,CID-310,Receivable,Active,2021-01-01,,0.0,USD,Customer receivable account (Camping),SampleGen
839e592f-ab67-4feb-ad1c-ad6295f70a39,ACC-Camping-1310,CID-311,Receivable,Active,2021-01-01,,0.0,USD,Customer receivable account (Camping),SampleGen
85e8304b-ef2e-473d-8e85-c6986acf565c,ACC-Camping-1311,CID-312,Receivable,Active,2021-01-01,,0.0,USD,Customer receivable account (Camping),SampleGen
cd2e9044-71d1-4e22-a2b6-0c9293e133bc,ACC-Camping-1312,CID-313,Receivable,Active,2021-01-01,,0.0,USD,Customer receivable account (Camping),SampleGen
f19b51cf-0977-4a05-b67a-0219e41d71c7,ACC-Camping-1313,CID-314,Receivable,Active,2021-01-01,,0.0,USD,Customer receivable account (Camping),SampleGen
c3106acc-9148-4c8b-a315-029e328ebd1c,ACC-Camping-1314,CID-315,Receivable,Active,2021-01-01,,0.0,USD,Customer receivable account (Camping),SampleGen
9bb13aa0-bef4-4f44-80a4-ba5cca1a11ac,ACC-Camping-1315,CID-316,Receivable,Active,2021-01-01,,0.0,USD,Customer receivable account (Camping),SampleGen
f1b0e93b-49be-4d2b-9e39-12f5f6be5bba,ACC-Camping-1316,CID-317,Receivable,Active,2021-01-01,,0.0,USD,Customer receivable account (Camping),SampleGen
84e458b2-6004-46a4-8580-a56d6811a19d,ACC-Camping-1317,CID-318,Receivable,Active,2021-01-01,,0.0,USD,Customer receivable account (Camping),SampleGen
dfd0e033-32cc-42d0-ad07-67605530dd50,ACC-Camping-1318,CID-319,Receivable,Active,2021-01-01,,0.0,USD,Customer receivable account (Camping),SampleGen
35a585f9-0b6e-41a8-91f8-a35f219dce48,ACC-Camping-1319,CID-320,Receivable,Active,2021-01-01,,0.0,USD,Customer receivable account (Camping),SampleGen
674a17f1-4f72-4dfc-a066-d700ce1a676a,ACC-Camping-1320,CID-321,Receivable,Active,2021-01-01,,0.0,USD,Customer receivable account (Camping),SampleGen
c9b4b6dc-df2c-4316-a928-186ae7b58b32,ACC-Camping-1321,CID-322,Receivable,Active,2021-01-01,,0.0,USD,Customer receivable account (Camping),SampleGen
61d008b5-6db5-426f-a7b8-5948036e34c8,ACC-Camping-1322,CID-323,Receivable,Active,2021-01-01,,0.0,USD,Customer receivable account (Camping),SampleGen
2e0bf77a-cfda-4cca-8e45-5c6623bd9294,ACC-Camping-1323,CID-324,Receivable,Active,2021-01-01,,0.0,USD,Customer receivable account (Camping),SampleGen
196af8f2-5770-4f66-8e1d-e35396fc76a9,ACC-Camping-1324,CID-325,Receivable,Active,2021-01-01,,0.0,USD,Customer receivable account (Camping),SampleGen
e640bec6-3720-49e4-9960-10a9fc5267ea,ACC-Camping-1325,CID-326,Receivable,Active,2021-01-01,,0.0,USD,Customer receivable account (Camping),SampleGen
69e6a4bd-ba03-415b-b761-7f9b5a6c3de7,ACC-Camping-1326,CID-327,Receivable,Active,2021-01-01,,0.0,USD,Customer receivable account (Camping),SampleGen
f2f4b54e-4b28-4ee6-9f37-e3cec37cffb6,ACC-Camping-1327,CID-328,Receivable,Active,2021-01-01,,0.0,USD,Customer receivable account (Camping),SampleGen
a81760f0-7999-4c55-aee3-7fe6b16cff34,ACC-Camping-1328,CID-329,Receivable,Active,2021-01-01,,0.0,USD,Customer receivable account (Camping),SampleGen
fcbfd470-dddb-4e0e-98d7-695de32f6579,ACC-Camping-1329,CID-330,Receivable,Active,2021-01-01,,0.0,USD,Customer receivable account (Camping),SampleGen
d1db1eb5-b715-4639-9bd8-b2250c1b0ec0,ACC-Camping-1330,CID-331,Receivable,Active,2021-01-01,,0.0,USD,Customer receivable account (Camping),SampleGen
abe1fb88-4e5f-4db5-9bfc-0742527a5b37,ACC-Camping-1331,CID-332,Receivable,Active,2021-01-01,,0.0,USD,Customer receivable account (Camping),SampleGen
be781305-6396-46ef-b77c-a89e825649aa,ACC-Camping-1332,CID-333,Receivable,Active,2021-01-01,,0.0,USD,Customer receivable account (Camping),SampleGen
285930a6-4a33-44aa-aaaa-590ad0300f7b,ACC-Camping-1333,CID-334,Receivable,Active,2021-01-01,,0.0,USD,Customer receivable account (Camping),SampleGen
ca636913-1975-4c69-9c8c-4d0bfe552210,ACC-Camping-1334,CID-335,Receivable,Active,2021-01-01,,0.0,USD,Customer receivable account (Camping),SampleGen
072932dd-380e-481a-a827-b60f357ca9a6,ACC-Camping-1335,CID-336,Receivable,Active,2021-01-01,,0.0,USD,Customer receivable account (Camping),SampleGen
13eb4788-d523-448d-bfe7-7d9096e6d8e2,ACC-Camping-1336,CID-337,Receivable,Active,2021-01-01,,0.0,USD,Customer receivable account (Camping),SampleGen
341fa742-595a-46dd-9f4f-a7cc7411c33f,ACC-Camping-1337,CID-338,Receivable,Active,2021-01-01,,0.0,USD,Customer receivable account (Camping),SampleGen
c681201d-c43e-400b-8f45-bf11d4489039,ACC-Camping-1338,CID-339,Receivable,Active,2021-01-01,,0.0,USD,Customer receivable account (Camping),SampleGen
c2d9e81e-783e-4c75-a21f-025a9d0fe7ab,ACC-Camping-1339,CID-340,Receivable,Active,2021-01-01,,0.0,USD,Customer receivable account (Camping),SampleGen
94442ca6-7bc7-4d2a-b75d-5731db667dbd,ACC-Camping-1340,CID-341,Receivable,Active,2021-01-01,,0.0,USD,Customer receivable account (Camping),SampleGen
63522b22-4761-45b7-9de2-163e67aa0ac9,ACC-Camping-1341,CID-342,Receivable,Active,2021-01-01,,0.0,USD,Customer receivable account (Camping),SampleGen
e21d8bb7-846c-4674-852f-58ce028c6eea,ACC-Camping-1342,CID-343,Receivable,Active,2021-01-01,,0.0,USD,Customer receivable account (Camping),SampleGen
4c4e8e18-9421-4e05-a02b-15e296968491,ACC-Camping-1343,CID-344,Receivable,Active,2021-01-01,,0.0,USD,Customer receivable account (Camping),SampleGen
a901acca-631b-430b-9d87-d5504bfe96d5,ACC-Camping-1344,CID-345,Receivable,Active,2021-01-01,,0.0,USD,Customer receivable account (Camping),SampleGen
f96d0a55-f485-4bbe-8a8b-838953e44928,ACC-Camping-1345,CID-346,Receivable,Active,2021-01-01,,0.0,USD,Customer receivable account (Camping),SampleGen
20d49664-022c-4386-a519-bc69373e878d,ACC-Camping-1346,CID-347,Receivable,Active,2021-01-01,,0.0,USD,Customer receivable account (Camping),SampleGen
62a2ac38-9b20-454e-87c8-860d2974c7f1,ACC-Camping-1347,CID-348,Receivable,Active,2021-01-01,,0.0,USD,Customer receivable account (Camping),SampleGen
ceac0e15-4263-43af-a76d-65554b73e135,ACC-Camping-1348,CID-349,Receivable,Active,2021-01-01,,0.0,USD,Customer receivable account (Camping),SampleGen
f2d4dc60-907d-43f9-bbe3-5de76198d761,ACC-Camping-1349,CID-350,Receivable,Active,2021-01-01,,0.0,USD,Customer receivable account (Camping),SampleGen
9408b9d5-5ffa-42ae-88e1-13e7a606c128,ACC-Camping-1350,CID-351,Receivable,Active,2021-01-01,,0.0,USD,Customer receivable account (Camping),SampleGen
62b66644-ddc5-40e9-86a4-f46f33ac7992,ACC-Camping-1351,CID-352,Receivable,Active,2021-01-01,,0.0,USD,Customer receivable account (Camping),SampleGen
afa195fd-edf9-411f-8d85-dd893e031e22,ACC-Camping-1352,CID-353,Receivable,Active,2021-01-01,,0.0,USD,Customer receivable account (Camping),SampleGen
95f67258-dced-4995-b4d3-ae12418d9368,ACC-Camping-1353,CID-354,Receivable,Active,2021-01-01,,0.0,USD,Customer receivable account (Camping),SampleGen
48abc054-c156-4478-abfa-8922ed75c709,ACC-Camping-1354,CID-355,Receivable,Active,2021-01-01,,0.0,USD,Customer receivable account (Camping),SampleGen
4b2d1f61-7256-4ac4-ab29-216abbc6ed88,ACC-Camping-1355,CID-356,Receivable,Active,2021-01-01,,0.0,USD,Customer receivable account (Camping),SampleGen
413861d4-022b-4f71-a846-b0fd880f0da7,ACC-Camping-1356,CID-357,Receivable,Active,2021-01-01,,0.0,USD,Customer receivable account (Camping),SampleGen
1172cf32-9c16-4700-9093-72e3d296aeba,ACC-Camping-1357,CID-358,Receivable,Active,2021-01-01,,0.0,USD,Customer receivable account (Camping),SampleGen
74f2799e-72ba-4764-93a9-4563528178cf,ACC-Camping-1358,CID-359,Receivable,Active,2021-01-01,,0.0,USD,Customer receivable account (Camping),SampleGen
d359a87b-405a-47f4-85a9-a70e267bf08f,ACC-Camping-1359,CID-360,Receivable,Active,2021-01-01,,0.0,USD,Customer receivable account (Camping),SampleGen
2705679f-cec4-47e7-ab32-777764640106,ACC-Camping-1360,CID-361,Receivable,Active,2021-01-01,,0.0,USD,Customer receivable account (Camping),SampleGen
3754497d-c623-4232-a096-3a95f9f7e74d,ACC-Camping-1361,CID-362,Receivable,Active,2021-01-01,,0.0,USD,Customer receivable account (Camping),SampleGen
f1605e8b-4c3a-4747-a990-779c09cdc298,ACC-Camping-1362,CID-363,Receivable,Active,2021-01-01,,0.0,USD,Customer receivable account (Camping),SampleGen
362ad93e-3cd7-49db-9623-7f09ebb5a62e,ACC-Camping-1363,CID-364,Receivable,Active,2021-01-01,,0.0,USD,Customer receivable account (Camping),SampleGen
82fb41f5-a741-4867-9199-e435c930d1db,ACC-Camping-1364,CID-365,Receivable,Active,2021-01-01,,0.0,USD,Customer receivable account (Camping),SampleGen
ede19d32-dbad-4438-8a7c-5846e5445318,ACC-Camping-1365,CID-366,Receivable,Active,2021-01-01,,0.0,USD,Customer receivable account (Camping),SampleGen
d0a263ed-5e19-4570-be22-c61b60d85fff,ACC-Camping-1366,CID-367,Receivable,Active,2021-01-01,,0.0,USD,Customer receivable account (Camping),SampleGen
6908b9bd-b297-4dc1-a674-b7882e7dfcbc,ACC-Camping-1367,CID-368,Receivable,Active,2021-01-01,,0.0,USD,Customer receivable account (Camping),SampleGen
a527e699-5fbb-498b-aae5-c033278064ce,ACC-Camping-1368,CID-369,Receivable,Active,2021-01-01,,0.0,USD,Customer receivable account (Camping),SampleGen
220752e9-da26-4686-b02d-563f865104c5,ACC-Camping-1369,CID-370,Receivable,Active,2021-01-01,,0.0,USD,Customer receivable account (Camping),SampleGen
cf0ba5a4-698f-401a-b6ae-639f0fd21a80,ACC-Camping-1370,CID-371,Receivable,Active,2021-01-01,,0.0,USD,Customer receivable account (Camping),SampleGen
0bb5986c-5acc-41b5-b174-53599499b383,ACC-Camping-1371,CID-372,Receivable,Active,2021-01-01,,0.0,USD,Customer receivable account (Camping),SampleGen
0e2b3216-eb5d-4c5f-8e91-48bb6350b3d0,ACC-Camping-1372,CID-373,Receivable,Active,2021-01-01,,0.0,USD,Customer receivable account (Camping),SampleGen
22bb9ef6-bcb1-4fc9-abb9-9bce460f8c4a,ACC-Camping-1373,CID-374,Receivable,Active,2021-01-01,,0.0,USD,Customer receivable account (Camping),SampleGen
92bbe52b-1b22-4f1a-8490-c42dfc4a46d1,ACC-Camping-1374,CID-375,Receivable,Active,2021-01-01,,0.0,USD,Customer receivable account (Camping),SampleGen
892644c0-3e6a-498e-a7bd-014448ffa4f9,ACC-Camping-1375,CID-376,Receivable,Active,2021-01-01,,0.0,USD,Customer receivable account (Camping),SampleGen
511b803c-f53e-4dfa-8334-ceac6d390ad8,ACC-Camping-1376,CID-377,Receivable,Active,2021-01-01,,0.0,USD,Customer receivable account (Camping),SampleGen
09b89352-ab9d-4cb2-ba1e-8aa791123e27,ACC-Camping-1377,CID-378,Receivable,Active,2021-01-01,,0.0,USD,Customer receivable account (Camping),SampleGen
cd390cf0-c314-4a23-9814-16c10c8f060f,ACC-Camping-1378,CID-379,Receivable,Active,2021-01-01,,0.0,USD,Customer receivable account (Camping),SampleGen
ec20e58b-84ef-4e30-a273-0b8bd4dc66b3,ACC-Camping-1379,CID-380,Receivable,Active,2021-01-01,,0.0,USD,Customer receivable account (Camping),SampleGen
1bb777eb-7d64-4834-a579-93e0967fc407,ACC-Camping-1380,CID-381,Receivable,Active,2021-01-01,,0.0,USD,Customer receivable account (Camping),SampleGen
32f957bd-52fc-4640-88fd-0860124f3675,ACC-Camping-1381,CID-382,Receivable,Active,2021-01-01,,0.0,USD,Customer receivable account (Camping),SampleGen
6e99b56f-482f-4552-a712-a879730230b3,ACC-Camping-1382,CID-383,Receivable,Active,2021-01-01,,0.0,USD,Customer receivable account (Camping),SampleGen
777929bb-b8d3-4581-abbe-9b8a8fa7398e,ACC-Camping-1383,CID-384,Receivable,Active,2021-01-01,,0.0,USD,Customer receivable account (Camping),SampleGen
23d628b0-d680-465e-8299-4639a54b3f84,ACC-Camping-1384,CID-385,Receivable,Active,2021-01-01,,0.0,USD,Customer receivable account (Camping),SampleGen
98b8a126-db26-4412-8d20-3e43d282e815,ACC-Camping-1385,CID-386,Receivable,Active,2021-01-01,,0.0,USD,Customer receivable account (Camping),SampleGen
d0c4b3c5-859d-4f3b-99f9-fc6af22ff915,ACC-Camping-1386,CID-387,Receivable,Active,2021-01-01,,0.0,USD,Customer receivable account (Camping),SampleGen
eb418457-75f9-47d6-9269-107727a5104b,ACC-Camping-1387,CID-388,Receivable,Active,2021-01-01,,0.0,USD,Customer receivable account (Camping),SampleGen
f4c0fb13-0800-4fde-8e95-415ab86e0919,ACC-Camping-1388,CID-389,Receivable,Active,2021-01-01,,0.0,USD,Customer receivable account (Camping),SampleGen
37cc8f6f-b998-4aa1-bc89-24d15bcefc6e,ACC-Camping-1389,CID-390,Receivable,Active,2021-01-01,,0.0,USD,Customer receivable account (Camping),SampleGen
312284ea-9cf0-41d1-af95-be6735ded45a,ACC-Camping-1390,CID-391,Receivable,Active,2021-01-01,,0.0,USD,Customer receivable account (Camping),SampleGen
37a1d640-194f-4a60-9bcf-0c4d7ab2203a,ACC-Camping-1391,CID-392,Receivable,Active,2021-01-01,,0.0,USD,Customer receivable account (Camping),SampleGen
d872640e-3517-4899-a39c-d4da23310df9,ACC-Camping-1392,CID-393,Receivable,Active,2021-01-01,,0.0,USD,Customer receivable account (Camping),SampleGen
1e5b598a-c485-47b0-ae48-41b9ce21e377,ACC-Camping-1393,CID-394,Receivable,Active,2021-01-01,,0.0,USD,Customer receivable account (Camping),SampleGen
b83ff7e7-33b4-4af2-a2fc-66660df128b2,ACC-Camping-1394,CID-395,Receivable,Active,2021-01-01,,0.0,USD,Customer receivable account (Camping),SampleGen
b57b033f-8f70-41c8-b69f-bfafe1205389,ACC-Camping-1395,CID-396,Receivable,Active,2021-01-01,,0.0,USD,Customer receivable account (Camping),SampleGen
18990278-cfab-45be-98d6-d3552958ae0d,ACC-Camping-1396,CID-397,Receivable,Active,2021-01-01,,0.0,USD,Customer receivable account (Camping),SampleGen
3138fbf9-1e1a-47fe-a7e4-ef6bc23af4af,ACC-Camping-1397,CID-398,Receivable,Active,2021-01-01,,0.0,USD,Customer receivable account (Camping),SampleGen
6e7c2f36-391a-40d8-bf82-9889e795edb0,ACC-Camping-1398,CID-399,Receivable,Active,2021-01-01,,0.0,USD,Customer receivable account (Camping),SampleGen
8bd6c27d-91d0-4a03-8d4a-24c2e2daf04e,ACC-Camping-1399,CID-400,Receivable,Active,2021-01-01,,0.0,USD,Customer receivable account (Camping),SampleGen
d251dff1-4f75-4d03-9793-ee0443ec2982,ACC-Camping-1400,CID-401,Receivable,Active,2021-01-01,,0.0,USD,Customer receivable account (Camping),SampleGen
ae368766-578c-40cf-8a6a-19d65665e3c3,ACC-Camping-1401,CID-402,Receivable,Active,2021-01-01,,0.0,USD,Customer receivable account (Camping),SampleGen
fe46d635-8765-4946-91d9-f1f292732f59,ACC-Camping-1402,CID-403,Receivable,Active,2021-01-01,,0.0,USD,Customer receivable account (Camping),SampleGen
70d8fd73-edba-4602-8338-166d4bf2cdcd,ACC-Camping-1403,CID-404,Receivable,Active,2021-01-01,,0.0,USD,Customer receivable account (Camping),SampleGen
eaef673b-7dda-41d4-a323-e3d7259d4c0f,ACC-Camping-1404,CID-405,Receivable,Active,2021-01-01,,0.0,USD,Customer receivable account (Camping),SampleGen
bb6cf707-2d17-4e25-bc48-5c6fcd2d1b39,ACC-Camping-1405,CID-406,Receivable,Active,2021-01-01,,0.0,USD,Customer receivable account (Camping),SampleGen
4dc19d08-011f-4e25-84e4-8beb02f6fdae,ACC-Camping-1406,CID-407,Receivable,Active,2021-01-01,,0.0,USD,Customer receivable account (Camping),SampleGen
76fde796-d704-4252-8418-6cc1ef5f029f,ACC-Camping-1407,CID-408,Receivable,Active,2021-01-01,,0.0,USD,Customer receivable account (Camping),SampleGen
93e71b6d-da77-43b4-90ce-052d48c2d690,ACC-Camping-1408,CID-409,Receivable,Active,2021-01-01,,0.0,USD,Customer receivable account (Camping),SampleGen
db9a7b19-f976-4853-bb2a-e79171472e6f,ACC-Camping-1409,CID-410,Receivable,Active,2021-01-01,,0.0,USD,Customer receivable account (Camping),SampleGen
ed5d33e6-e799-4946-8948-26dd6b50124b,ACC-Camping-1410,CID-411,Receivable,Active,2021-01-01,,0.0,USD,Customer receivable account (Camping),SampleGen
aa811e4e-d42f-4777-a3d5-2bfd31fdb3e6,ACC-Camping-1411,CID-412,Receivable,Active,2021-01-01,,0.0,USD,Customer receivable account (Camping),SampleGen
caee44c2-3e93-4fb8-95ff-4756a7b153af,ACC-Camping-1412,CID-413,Receivable,Active,2021-01-01,,0.0,USD,Customer receivable account (Camping),SampleGen
3dc9fcd0-ac1e-430f-81c5-39cfebf2da9c,ACC-Camping-1413,CID-414,Receivable,Active,2021-01-01,,0.0,USD,Customer receivable account (Camping),SampleGen
891a62b6-4210-4c86-a810-a7a0b6143e93,ACC-Camping-1414,CID-415,Receivable,Active,2021-01-01,,0.0,USD,Customer receivable account (Camping),SampleGen
38cb02e4-5be8-4f30-9878-88211e621ac2,ACC-Camping-1415,CID-416,Receivable,Active,2021-01-01,,0.0,USD,Customer receivable account (Camping),SampleGen
79810273-cf98-45c3-9eda-d015dab6e5d8,ACC-Camping-1416,CID-417,Receivable,Active,2021-01-01,,0.0,USD,Customer receivable account (Camping),SampleGen
5270100a-14f8-46bb-af37-50f5ce3ec349,ACC-Camping-1417,CID-418,Receivable,Active,2021-01-01,,0.0,USD,Customer receivable account (Camping),SampleGen
a3a6d5ef-fd78-42db-85ed-1465f8c3b7c8,ACC-Camping-1418,CID-419,Receivable,Active,2021-01-01,,0.0,USD,Customer receivable account (Camping),SampleGen
dbd104d0-c088-4b00-a847-57ed363c79e0,ACC-Camping-1419,CID-420,Receivable,Active,2021-01-01,,0.0,USD,Customer receivable account (Camping),SampleGen
b0758c9f-b144-4f1c-b1fb-ddd1f3ffb666,ACC-Camping-1420,CID-421,Receivable,Active,2021-01-01,,0.0,USD,Customer receivable account (Camping),SampleGen
ce23a6a1-ee13-4f88-a044-072a31610ab9,ACC-Camping-1421,CID-422,Receivable,Active,2021-01-01,,0.0,USD,Customer receivable account (Camping),SampleGen
9a9f7890-92d2-4ac1-8837-8b34466572f7,ACC-Camping-1422,CID-423,Receivable,Active,2021-01-01,,0.0,USD,Customer receivable account (Camping),SampleGen
b0bd8252-8bfb-4744-b0a4-ceeb89066e9c,ACC-Camping-1423,CID-424,Receivable,Active,2021-01-01,,0.0,USD,Customer receivable account (Camping),SampleGen
d3c98761-62d7-44d4-adc8-a049d906638b,ACC-Camping-1424,CID-425,Receivable,Active,2021-01-01,,0.0,USD,Customer receivable account (Camping),SampleGen
5905de3b-d18b-465c-8728-a0e403a8178b,ACC-Camping-1425,CID-426,Receivable,Active,2021-01-01,,0.0,USD,Customer receivable account (Camping),SampleGen
1662b2e8-dec4-45a4-81c7-6c8452d12bbf,ACC-Camping-1426,CID-427,Receivable,Active,2021-01-01,,0.0,USD,Customer receivable account (Camping),SampleGen
6598b1a1-e47e-4be3-b543-7015eaab274e,ACC-Camping-1427,CID-428,Receivable,Active,2021-01-01,,0.0,USD,Customer receivable account (Camping),SampleGen
fe352646-8330-448c-b837-64328c799eb5,ACC-Camping-1428,CID-429,Receivable,Active,2021-01-01,,0.0,USD,Customer receivable account (Camping),SampleGen
9e0f5a46-8590-4b71-8fb9-22a63d68da74,ACC-Camping-1429,CID-430,Receivable,Active,2021-01-01,,0.0,USD,Customer receivable account (Camping),SampleGen
e9d5678b-c350-4622-85c6-c398949c445a,ACC-Camping-1430,CID-431,Receivable,Active,2021-01-01,,0.0,USD,Customer receivable account (Camping),SampleGen
098f18fd-ad9c-4339-9dd2-fd871fb3acce,ACC-Camping-1431,CID-432,Receivable,Active,2021-01-01,,0.0,USD,Customer receivable account (Camping),SampleGen
675044ab-2acd-4e45-8c45-dc4e25f779ab,ACC-Camping-1432,CID-433,Receivable,Active,2021-01-01,,0.0,USD,Customer receivable account (Camping),SampleGen
e30ef9fb-8a0b-4d48-81d8-d6f1a4978bdf,ACC-Camping-1433,CID-434,Receivable,Active,2021-01-01,,0.0,USD,Customer receivable account (Camping),SampleGen
1b7c27c4-22f1-4db6-a103-95112df5897b,ACC-Camping-1434,CID-435,Receivable,Active,2021-01-01,,0.0,USD,Customer receivable account (Camping),SampleGen
0c04cfeb-5219-4e74-b625-5290ff9a1a17,ACC-Camping-1435,CID-436,Receivable,Active,2021-01-01,,0.0,USD,Customer receivable account (Camping),SampleGen
5ce28dc5-6d56-493a-9563-de03164388b9,ACC-Camping-1436,CID-437,Receivable,Active,2021-01-01,,0.0,USD,Customer receivable account (Camping),SampleGen
61c3de41-6448-43ca-b28f-271a4536fd7f,ACC-Camping-1437,CID-438,Receivable,Active,2021-01-01,,0.0,USD,Customer receivable account (Camping),SampleGen
547c6c4d-1ddf-4474-9dae-1b301210949b,ACC-Camping-1438,CID-439,Receivable,Active,2021-01-01,,0.0,USD,Customer receivable account (Camping),SampleGen
4f9740d0-b5bf-41a1-8e7d-3697367d8d9e,ACC-Camping-1439,CID-440,Receivable,Active,2021-01-01,,0.0,USD,Customer receivable account (Camping),SampleGen
8856be88-84a2-44cd-b7fd-8bfef3a1506c,ACC-Camping-1440,CID-441,Receivable,Active,2021-01-01,,0.0,USD,Customer receivable account (Camping),SampleGen
f02a01a2-901f-4d0f-bae4-3dceb674cf74,ACC-Camping-1441,CID-442,Receivable,Active,2021-01-01,,0.0,USD,Customer receivable account (Camping),SampleGen
4cf2f145-11ed-42f3-b367-da2a56d3ef04,ACC-Camping-1442,CID-443,Receivable,Active,2021-01-01,,0.0,USD,Customer receivable account (Camping),SampleGen
33110d67-997b-48a3-a806-fc9e0c58c42e,ACC-Camping-1443,CID-444,Receivable,Active,2021-01-01,,0.0,USD,Customer receivable account (Camping),SampleGen
b364e2f9-76fa-4a56-a7ec-9e013a54cdeb,ACC-Camping-1444,CID-445,Receivable,Active,2021-01-01,,0.0,USD,Customer receivable account (Camping),SampleGen
1171d98d-dd13-4a9a-aa7f-4b51eb9f9caf,ACC-Camping-1445,CID-446,Receivable,Active,2021-01-01,,0.0,USD,Customer receivable account (Camping),SampleGen
035bc79c-e77b-48b6-b454-1ee1046a2ec7,ACC-Camping-1446,CID-447,Receivable,Active,2021-01-01,,0.0,USD,Customer receivable account (Camping),SampleGen
bdb89990-b3c4-4c9f-bef3-7f3b7c2a5617,ACC-Camping-1447,CID-448,Receivable,Active,2021-01-01,,0.0,USD,Customer receivable account (Camping),SampleGen
41a8794e-d247-4a4a-af1a-9547f616d9c4,ACC-Camping-1448,CID-449,Receivable,Active,2021-01-01,,0.0,USD,Customer receivable account (Camping),SampleGen
e4e3e7cd-1eae-410f-b96a-f6ba141732f9,ACC-Camping-1449,CID-450,Receivable,Active,2021-01-01,,0.0,USD,Customer receivable account (Camping),SampleGen
48c3f1b3-bd77-44f8-bea6-3bbc9338abc8,ACC-Camping-1450,CID-451,Receivable,Active,2021-01-01,,0.0,USD,Customer receivable account (Camping),SampleGen
3422fdc3-8967-468a-8938-6f2bc06ad8ea,ACC-Camping-1451,CID-452,Receivable,Active,2021-01-01,,0.0,USD,Customer receivable account (Camping),SampleGen
52ef5e19-6df0-42a7-895f-9fe3692deaa4,ACC-Camping-1452,CID-453,Receivable,Active,2021-01-01,,0.0,USD,Customer receivable account (Camping),SampleGen
eb0fed1f-c485-46bd-bdcc-a7673b725b1c,ACC-Camping-1453,CID-454,Receivable,Active,2021-01-01,,0.0,USD,Customer receivable account (Camping),SampleGen
83171e4e-f874-4272-b821-336563dedec4,ACC-Camping-1454,CID-455,Receivable,Active,2021-01-01,,0.0,USD,Customer receivable account (Camping),SampleGen
8b5ed76b-cd98-45b9-aa25-bf9ec3f00609,ACC-Camping-1455,CID-456,Receivable,Active,2021-01-01,,0.0,USD,Customer receivable account (Camping),SampleGen
5e449198-aaf5-49e0-8369-d3fa79a7f6a8,ACC-Camping-1456,CID-457,Receivable,Active,2021-01-01,,0.0,USD,Customer receivable account (Camping),SampleGen
d58bfe59-2c85-4503-8071-a41707a88ddf,ACC-Camping-1457,CID-458,Receivable,Active,2021-01-01,,0.0,USD,Customer receivable account (Camping),SampleGen
b3473064-c441-4f16-a5c4-09449f5049fb,ACC-Camping-1458,CID-459,Receivable,Active,2021-01-01,,0.0,USD,Customer receivable account (Camping),SampleGen
7d5608ed-13fc-44ac-8a0c-d5b695549984,ACC-Camping-1459,CID-460,Receivable,Active,2021-01-01,,0.0,USD,Customer receivable account (Camping),SampleGen
682e6189-42c3-431f-b941-2a1340d711be,ACC-Camping-1460,CID-461,Receivable,Active,2021-01-01,,0.0,USD,Customer receivable account (Camping),SampleGen
5d9951f8-fa5f-45f8-91d6-3a0c84441f0c,ACC-Camping-1461,CID-462,Receivable,Active,2021-01-01,,0.0,USD,Customer receivable account (Camping),SampleGen
5755f8f1-1b9e-4e9e-ac15-2c63245b8da5,ACC-Camping-1462,CID-463,Receivable,Active,2021-01-01,,0.0,USD,Customer receivable account (Camping),SampleGen
3e5d659a-645c-4191-969a-f0ba3af0bdb0,ACC-Camping-1463,CID-464,Receivable,Active,2021-01-01,,0.0,USD,Customer receivable account (Camping),SampleGen
e6e3f803-2a6c-4f27-8c36-ace821e227dc,ACC-Camping-1464,CID-465,Receivable,Active,2021-01-01,,0.0,USD,Customer receivable account (Camping),SampleGen
46ee8e84-f9c2-4667-9541-7871e83907da,ACC-Camping-1465,CID-466,Receivable,Active,2021-01-01,,0.0,USD,Customer receivable account (Camping),SampleGen
68b7b813-8c4f-424d-af2b-358320445681,ACC-Camping-1466,CID-467,Receivable,Active,2021-01-01,,0.0,USD,Customer receivable account (Camping),SampleGen
e6091281-aa98-4b1d-a657-4fafc79d9aa9,ACC-Camping-1467,CID-468,Receivable,Active,2021-01-01,,0.0,USD,Customer receivable account (Camping),SampleGen
42abd4b4-690a-4e57-b43b-c0106bad535b,ACC-Camping-1468,CID-469,Receivable,Active,2021-01-01,,0.0,USD,Customer receivable account (Camping),SampleGen
c154fdf0-2076-42e5-bf01-6c3a77017f59,ACC-Camping-1469,CID-470,Receivable,Active,2021-01-01,,0.0,USD,Customer receivable account (Camping),SampleGen
a6b5035d-d1e2-4014-9a50-d892b5e2445e,ACC-Camping-1470,CID-471,Receivable,Active,2021-01-01,,0.0,USD,Customer receivable account (Camping),SampleGen
0e6a9541-a389-4344-831f-3b44c5db1197,ACC-Camping-1471,CID-472,Receivable,Active,2021-01-01,,0.0,USD,Customer receivable account (Camping),SampleGen
4cceaa58-cf7e-4c45-884e-4f999d42fe61,ACC-Camping-1472,CID-473,Receivable,Active,2021-01-01,,0.0,USD,Customer receivable account (Camping),SampleGen
8ede6883-2290-4b99-b516-ea8453a8cc52,ACC-Camping-1473,CID-474,Receivable,Active,2021-01-01,,0.0,USD,Customer receivable account (Camping),SampleGen
440f4db8-e16f-431f-b7f5-726c758521ab,ACC-Camping-1474,CID-475,Receivable,Active,2021-01-01,,0.0,USD,Customer receivable account (Camping),SampleGen
ef134004-eba4-412c-b1d1-0cdd2e197fda,ACC-Camping-1475,CID-476,Receivable,Active,2021-01-01,,0.0,USD,Customer receivable account (Camping),SampleGen
37f2e6bf-ae90-48db-a5e5-f221495f77ba,ACC-Camping-1476,CID-477,Receivable,Active,2021-01-01,,0.0,USD,Customer receivable account (Camping),SampleGen
90258d2a-ff19-45a3-b6d9-96f8bc27c1db,ACC-Camping-1477,CID-478,Receivable,Active,2021-01-01,,0.0,USD,Customer receivable account (Camping),SampleGen
2dd612e9-6c3b-4e8d-b50c-bdffe9c4e0cf,ACC-Camping-1478,CID-479,Receivable,Active,2021-01-01,,0.0,USD,Customer receivable account (Camping),SampleGen
07dccccd-0167-40ac-a57f-0ff085bde182,ACC-Camping-1479,CID-480,Receivable,Active,2021-01-01,,0.0,USD,Customer receivable account (Camping),SampleGen
ddf35447-b1df-420e-aa75-8fcb8397bba9,ACC-Camping-1480,CID-481,Receivable,Active,2021-01-01,,0.0,USD,Customer receivable account (Camping),SampleGen
3483cf98-124c-44bc-bb38-dfbb62b1466a,ACC-Camping-1481,CID-482,Receivable,Active,2021-01-01,,0.0,USD,Customer receivable account (Camping),SampleGen
ef68d296-ac14-4264-9c29-b4615b34e2ed,ACC-Camping-1482,CID-483,Receivable,Active,2021-01-01,,0.0,USD,Customer receivable account (Camping),SampleGen
4a0af572-1a69-4c2e-9f11-8761e94ed811,ACC-Camping-1483,CID-484,Receivable,Active,2021-01-01,,0.0,USD,Customer receivable account (Camping),SampleGen
ac6f62b2-7741-4682-b083-bf49049274ae,ACC-Camping-1484,CID-485,Receivable,Active,2021-01-01,,0.0,USD,Customer receivable account (Camping),SampleGen
a8f104ae-1bab-49f1-a795-999b9e89896b,ACC-Camping-1485,CID-486,Receivable,Active,2021-01-01,,0.0,USD,Customer receivable account (Camping),SampleGen
b08ab128-0e8e-4e12-bf27-19957d665371,ACC-Camping-1486,CID-487,Receivable,Active,2021-01-01,,0.0,USD,Customer receivable account (Camping),SampleGen
28299fe4-8d09-4e8d-aa06-df47e778b769,ACC-Camping-1487,CID-488,Receivable,Active,2021-01-01,,0.0,USD,Customer receivable account (Camping),SampleGen
cbe259f2-8d7f-4760-9955-94b927786c27,ACC-Camping-1488,CID-489,Receivable,Active,2021-01-01,,0.0,USD,Customer receivable account (Camping),SampleGen
765f265f-829d-4522-a388-2b0d83ca20b6,ACC-Camping-1489,CID-490,Receivable,Active,2021-01-01,,0.0,USD,Customer receivable account (Camping),SampleGen
c0114efa-a80c-4887-b36d-8521a9e47c0d,ACC-Camping-1490,CID-491,Receivable,Active,2021-01-01,,0.0,USD,Customer receivable account (Camping),SampleGen
945ba534-c8ea-47fa-9514-99ae794aa35f,ACC-Camping-1491,CID-492,Receivable,Active,2021-01-01,,0.0,USD,Customer receivable account (Camping),SampleGen
1fe8686b-ac69-44c9-9003-f0d20bc9a039,ACC-Camping-1492,CID-493,Receivable,Active,2021-01-01,,0.0,USD,Customer receivable account (Camping),SampleGen
b9288ad8-5132-4e5c-82df-c4e1e5098247,ACC-Camping-1493,CID-494,Receivable,Active,2021-01-01,,0.0,USD,Customer receivable account (Camping),SampleGen
0d94748e-8690-4b41-8db0-634ee5326d75,ACC-Camping-1494,CID-495,Receivable,Active,2021-01-01,,0.0,USD,Customer receivable account (Camping),SampleGen
150e885d-7932-447f-bf00-1537bc92e7dd,ACC-Camping-1495,CID-496,Receivable,Active,2021-01-01,,0.0,USD,Customer receivable account (Camping),SampleGen
8d29a085-9dec-42fe-a626-944aa85a2c8e,ACC-Camping-1496,CID-497,Receivable,Active,2021-01-01,,0.0,USD,Customer receivable account (Camping),SampleGen
115ea08e-24b2-4759-92cf-51d229e45a3e,ACC-Camping-1497,CID-498,Receivable,Active,2021-01-01,,0.0,USD,Customer receivable account (Camping),SampleGen
dcb414c7-cc05-4a95-bf51-a1c8e4f659bf,ACC-Camping-1498,CID-499,Receivable,Active,2021-01-01,,0.0,USD,Customer receivable account (Camping),SampleGen
5e2219cd-de9e-4cd5-836e-32dd4ed75aa1,ACC-Camping-1499,CID-500,Receivable,Active,2021-01-01,,0.0,USD,Customer receivable account (Camping),SampleGen
c20d47aa-4819-4916-8c14-b2acb9f243c0,ACC-Camping-1500,CID-501,Receivable,Active,2021-01-01,,0.0,USD,Customer receivable account (Camping),SampleGen
fca9572f-1bbb-4af7-95c8-152098911aa7,ACC-Camping-1501,CID-502,Receivable,Active,2021-01-01,,0.0,USD,Customer receivable account (Camping),SampleGen
da105964-2b2f-4265-adb7-6222fab9e319,ACC-Camping-1502,CID-503,Receivable,Active,2021-01-01,,0.0,USD,Customer receivable account (Camping),SampleGen
22c0f676-d4fc-45ea-83b6-2573b8c8c596,ACC-Camping-1503,CID-504,Receivable,Active,2021-01-01,,0.0,USD,Customer receivable account (Camping),SampleGen
a3434422-5dba-4165-a9fe-97ff6c68858b,ACC-Camping-1504,CID-505,Receivable,Active,2021-01-01,,0.0,USD,Customer receivable account (Camping),SampleGen
0eb17e2c-3ace-4a33-87b8-05616514e46f,ACC-Camping-1505,CID-506,Receivable,Active,2021-01-01,,0.0,USD,Customer receivable account (Camping),SampleGen
585bea0a-b145-4bec-b73f-48aa2bb6e5b1,ACC-Camping-1506,CID-507,Receivable,Active,2021-01-01,,0.0,USD,Customer receivable account (Camping),SampleGen
8a974b69-747a-41e6-a8b8-416d9b0f942d,ACC-Camping-1507,CID-508,Receivable,Active,2021-01-01,,0.0,USD,Customer receivable account (Camping),SampleGen
1a50f580-6c9a-431f-b3f0-8baf96c4ba3b,ACC-Camping-1508,CID-509,Receivable,Active,2021-01-01,,0.0,USD,Customer receivable account (Camping),SampleGen
270f1fbc-0783-4e4a-948a-4c8eceac23c9,ACC-Camping-1509,CID-510,Receivable,Active,2021-01-01,,0.0,USD,Customer receivable account (Camping),SampleGen
67fc35ae-bbed-4d31-88b9-a2e5b5d21f67,ACC-Camping-1510,CID-511,Receivable,Active,2021-01-01,,0.0,USD,Customer receivable account (Camping),SampleGen
91b1606f-566c-41c7-ac79-8a2f488fb3e4,ACC-Camping-1511,CID-512,Receivable,Active,2021-01-01,,0.0,USD,Customer receivable account (Camping),SampleGen
8822d66f-8f58-4249-b48c-db956c34acdc,ACC-Camping-1512,CID-513,Receivable,Active,2021-01-01,,0.0,USD,Customer receivable account (Camping),SampleGen
